з.е.,Распределение з.е. по курсам и периодам обучения,,,,,,,,,,,,,,,,,,,,,,,,,,,,,,,,,,,,,,,,,,,,,,,,,,,,,
,,Курс 1,,,,,,,,,Курс 2,,,,,,,,,Курс 3,,,,,,,,,Курс 4,,,,,,,,,Курс 5,,,,,,,,,Курс 6,,,,,,,
,,Сем. 1,,,,Сем. 2,,,,,Сем. 3,,,,Сем. 4,,,,,Сем. 5,,,,Сем. 6,,,,,Сем. 7,,,,Сем. 8,,,,,Сем. 9,,,,Сем. A,,,,,Сем. B,,,,Сем. C,,,
,,,Индекс,Наименование,з.е.,,Индекс,Наименование,з.е.,,,Индекс,Наименование,з.е.,,Индекс,Наименование,з.е.,,,Индекс,Наименование,з.е.,,Индекс,Наименование,з.е.,,,Индекс,Наименование,з.е.,,Индекс,Наименование,з.е.,,,Индекс,Наименование,з.е.,,Индекс,Наименование,з.е.,,,Индекс,Наименование,з.е.,,Индекс,Наименование,з.е.
,,,,"Б3.02(Г)
Подготовка к сдаче и сдача государственного экзамена
[Эк]
УК-1.1; УК-1.2; УК-1.3; УК-2.1; УК-2.2; УК-2.3; УК-3.1; УК-3.2; УК-3.3; ОПК-1.1; ОПК-1.2; ОПК-1.3; ОПК-2.1; ОПК-2.2; ОПК-3.1; ОПК-5.1.1; ОПК-5.1.2; ОПК-5.2.1; ОПК-5.2.2; ОПК-5.3.1; ОПК-5.3.2; ПК-1.1; ПК-1.2; ПК-2.1; ПК-2.2; ПК-3.1; ПК-3.2; ПК-4.1; ПК-4.2; ПК-5.1; ПК-5.2; ПК-5.3; ПК-6.1; ПК-6.2",,,,,,,,,,,,,,,,,,,,,,,,,,,,,,,,,,,,,,,,,,,,,,,,,,
Итого,,60,,,,,,,,,60,,,,,,,,,62,,,,,,,,,62,,,,,,,,,60,,,,,,,,,30,,,,,,,
Всего,,26.5,,,,33.5,,,,,29,,,,31,,,,,32.5,,,,29.5,,,,,30,,,,32,,,,,34,,,,26,,,,,30,,,,,,,
,,,,,,,,,,,,,,,,,,,,,,,,,,,,,,,,,,,,,,,,,,,,,,,,,,,,,,
1,,{$},,"Б1.О.02
История (история России, всеобщая история)
[За]
УК-5.1; УК-5.2; ОПК-16.1",3,{$},,"Б1.О.03
Иностранный язык
[За]
УК-4.1; УК-4.2; УК-4.3",2,,{$},,"Б1.О.01
Философия
[За]
УК-1.1; УК-1.2; УК-1.3",3,{$},,"Б1.О.03
Иностранный язык
[Эк]
УК-4.1; УК-4.2; УК-4.3",3,,{$},,"Б1.О.04
Безопасность жизнедеятельности
[За]
УК-8.1; УК-8.2; УК-8.3",3,{$},,"Б1.О.07
Защита информации от утечки по техническим каналам
[Эк]
ОПК-6.1; ОПК-6.2; ОПК-9.1; ОПК-9.2",5,,{$},,"Б1.О.09
Сети и системы передачи информации
[Эк]
ОПК-2.1; ОПК-2.2; ОПК-9.3",5,{$},,"Б1.О.08
Методы и средства криптографической защиты информации
[Эк]
ОПК-10.1; ОПК-10.2",5,,{$},,"Б1.О.06
Организационное и правовое обеспечение информационной безопасности
[За]
ОПК-5.1; ОПК-5.2",3,{$},,"Б1.О.12
Разработка и эксплуатация автоматизированных систем в защищённом исполнении
[Эк]
ОПК-8.1; ОПК-11.1; ОПК-11.2; ОПК-14.1; ОПК-14.2; ОПК-5.1.1; ОПК-5.1.2; ОПК-5.2.1; ОПК-5.2.2; ОПК-5.3.1; ОПК-5.3.2",5,,{$},,"Б2.О.03(П)
Научно-исследовательская работа. Часть 2
[За]
ОПК-3.1; ОПК-5.1.1; ОПК-5.1.2; ОПК-5.2.1; ОПК-5.2.2; ОПК-5.3.1; ОПК-5.3.2",3,,,,
,,{$},,,,{$},,,,,{$},,,,{$},,,,,{$},,,,{$},,,,,{$},,,,{$},,,,,{$},,,,{$},,,,,{$},,,,,,,
,,{$},,,,{$},,,,,{$},,,,{$},,,,,{$},,,,{$},,,,,{$},,,,{$},,,,,{$},,,,{$},,,,,{$},,,,,,,
,,{$},,,,{$},,,,,{$},,,,{$},,,,,{$},,,,{$},,,,,{$},,,,{$},,,,,{$},,,,{$},,,,,{$},,,,,,,
,,{$},,,,{$},,,,,{$},,,,{$},,,,,{$},,,,{$},,,,,{$},,,,{$},,,,,{$},,,,{$},,,,,{$},,,,,,,
,,{$},,,,{$},,,,,{$},,,,{$},,,,,{$},,,,{$},,,,,{$},,,,{$},,,,,{$},,,,{$},,,,,{$},,,,,,,
,,{$},,,,{$},,,,,{$},,,,{$},,,,,{$},,,,{$},,,,,{$},,,,{$},,,,,{$},,,,{$},,,,,{$},,,,,,,
,,{$},,,,{$},,,,,{$},,,,{$},,,,,{$},,,,{$},,,,,{$},,,,{$},,,,,{$},,,,{$},,,,,{$},,,,,,,
,,{$},,,,{$},,,,,{$},,,,{$},,,,,{$},,,,{$},,,,,{$},,,,{$},,,,,{$},,,,{$},,,,,{$},,,,,,,
,,{$},,,,{$},,,,,{$},,,,{$},,,,,{$},,,,{$},,,,,{$},,,,{$},,,,,{$},,,,{$},,,,,{$},,,,,,,
2,,{$},,,,{$},,,,,{$},,,,{$},,,,,{$},,,,{$},,,,,{$},,,,{$},,,,,{$},,,,{$},,,,,{$},,,,,,,
,,{$},,,,{$},,,,,{$},,,,{$},,,,,{$},,,,{$},,,,,{$},,,,{$},,,,,{$},,,,{$},,,,,{$},,,,,,,
,,{$},,,,{$},,,,,{$},,,,{$},,,,,{$},,,,{$},,,,,{$},,,,{$},,,,,{$},,,,{$},,,,,{$},,,,,,,
,,{$},,,,{$},,,,,{$},,,,{$},,,,,{$},,,,{$},,,,,{$},,,,{$},,,,,{$},,,,{$},,,,,{$},,,,,,,
,,{$},,,,{$},,,,,{$},,,,{$},,,,,{$},,,,{$},,,,,{$},,,,{$},,,,,{$},,,,{$},,,,,{$},,,,,,,
,,{$},,,,{$},,,,,{$},,,,{$},,,,,{$},,,,{$},,,,,{$},,,,{$},,,,,{$},,,,{$},,,,,{$},,,,,,,
,,{$},,,,{$},,,,,{$},,,,{$},,,,,{$},,,,{$},,,,,{$},,,,{$},,,,,{$},,,,{$},,,,,{$},,,,,,,
,,{$},,,,{$},,,,,{$},,,,{$},,,,,{$},,,,{$},,,,,{$},,,,{$},,,,,{$},,,,{$},,,,,{$},,,,,,,
,,{$},,,,{$},,,,,{$},,,,{$},,,,,{$},,,,{$},,,,,{$},,,,{$},,,,,{$},,,,{$},,,,,{$},,,,,,,
,,{$},,,,{$},,,,,{$},,,,{$},,,,,{$},,,,{$},,,,,{$},,,,{$},,,,,{$},,,,{$},,,,,{$},,,,,,,
3,,{$},,,,{$},,"Б1.О.15
Физическая культура и спорт
[За]
УК-7.1; УК-7.4",0.5,,{$},,,,{$},,,,,{$},,,,{$},,,,,{$},,,,{$},,,,,{$},,,,{$},,,,,{$},,,,,,,
,,{$},,,,{$},,,,,{$},,,,{$},,,,,{$},,,,{$},,,,,{$},,,,{$},,,,,{$},,,,{$},,,,,{$},,,,,,,
,,{$},,,,{$},,,,,{$},,,,{$},,,,,{$},,,,{$},,,,,{$},,,,{$},,,,,{$},,,,{$},,,,,{$},,,,,,,
,,{$},,,,{$},,,,,{$},,,,{$},,,,,{$},,,,{$},,,,,{$},,,,{$},,,,,{$},,,,{$},,,,,{$},,,,,,,
,,{$},,,,{$},,,,,{$},,,,{$},,,,,{$},,,,{$},,,,,{$},,,,{$},,,,,{$},,,,{$},,,,,{$},,,,,,,
,,{$},,,,{$},,"Б1.О.17
Правоведение
[За]
УК-2.3; УК-10.1; УК-10.2",3,,{$},,,,{$},,,,,{$},,,,{$},,,,,{$},,,,{$},,,,,{$},,,,{$},,,,,{$},,,,,,,
,,{$},,,,{$},,,,,{$},,,,{$},,,,,{$},,,,{$},,,,,{$},,,,{$},,,,,{$},,,,{$},,,,,{$},,,,,,,
,,{$},,,,{$},,,,,{$},,,,{$},,,,,{$},,,,{$},,,,,{$},,,,{$},,,,,{$},,,,{$},,,,,{$},,,,,,,
,,{$},,,,{$},,,,,{$},,,,{$},,,,,{$},,,,{$},,,,,{$},,,,{$},,,,,{$},,,,{$},,,,,{$},,,,,,,
,,{$},,,,{$},,,,,{$},,,,{$},,,,,{$},,,,{$},,,,,{$},,,,{$},,,,,{$},,,,{$},,,,,{$},,,,,,,
4,,{$},,"Б1.О.03
Иностранный язык
[За]
УК-4.1; УК-4.2; УК-4.3",2,{$},,,,,{$},,"Б1.О.03
Иностранный язык
[За]
УК-4.1; УК-4.2; УК-4.3",2,{$},,"Б1.О.19
Теория и практика эффективного речевого общения
[За]
УК-4.1; УК-4.2; УК-4.3",3,,{$},,"Б1.О.05
Основы информационной безопасности
[Эк]
ОПК-1.1; ОПК-1.2; ОПК-1.3; ОПК-5.1; ОПК-5.2",4,{$},,,,,{$},,,,{$},,,,,{$},,"Б1.О.08
Методы и средства криптографической защиты информации
[Эк]
ОПК-10.1; ОПК-10.2",6,{$},,,,,{$},,"Б2.В.03(П)
Преддипломная практика
[ЗаО]
ПК-1.1; ПК-1.2; ПК-2.1; ПК-2.2; ПК-3.1; ПК-3.2; ПК-4.1; ПК-4.2; ПК-5.1; ПК-5.2; ПК-5.3; ПК-5.4; ПК-5.5; ПК-6.1; ПК-6.2",18,,,,
,,{$},,,,{$},,,,,{$},,,,{$},,,,,{$},,,,{$},,,,,{$},,,,{$},,,,,{$},,,,{$},,,,,{$},,,,,,,
,,{$},,,,{$},,,,,{$},,,,{$},,,,,{$},,,,{$},,,,,{$},,,,{$},,,,,{$},,,,{$},,,,,{$},,,,,,,
,,{$},,,,{$},,,,,{$},,,,{$},,,,,{$},,,,{$},,,,,{$},,,,{$},,,,,{$},,,,{$},,,,,{$},,,,,,,
,,{$},,,,{$},,,,,{$},,,,{$},,,,,{$},,,,{$},,,,,{$},,,,{$},,,,,{$},,,,{$},,,,,{$},,,,,,,
,,{$},,,,{$},,,,,{$},,,,{$},,,,,{$},,,,{$},,,,,{$},,,,{$},,,,,{$},,,,{$},,,,,{$},,,,,,,
,,{$},,,,{$},,,,,{$},,,,{$},,,,,{$},,,,{$},,,,,{$},,,,{$},,,,,{$},,,,{$},,,,,{$},,,,,,,
,,{$},,,,{$},,,,,{$},,,,{$},,,,,{$},,,,{$},,,,,{$},,,,{$},,,,,{$},,,,{$},,,,,{$},,,,,,,
,,{$},,,,{$},,,,,{$},,,,{$},,,,,{$},,,,{$},,,,,{$},,,,{$},,,,,{$},,,,{$},,,,,{$},,,,,,,
,,{$},,,,{$},,,,,{$},,,,{$},,,,,{$},,,,{$},,,,,{$},,,,{$},,,,,{$},,,,{$},,,,,{$},,,,,,,
5,,{$},,,,{$},,,,,{$},,,,{$},,,,,{$},,,,{$},,,,,{$},,,,{$},,,,,{$},,,,{$},,,,,{$},,,,,,,
,,{$},,,,{$},,,,,{$},,,,{$},,,,,{$},,,,{$},,,,,{$},,,,{$},,,,,{$},,,,{$},,,,,{$},,,,,,,
,,{$},,,,{$},,,,,{$},,,,{$},,,,,{$},,,,{$},,,,,{$},,,,{$},,,,,{$},,,,{$},,,,,{$},,,,,,,
,,{$},,,,{$},,,,,{$},,,,{$},,,,,{$},,,,{$},,,,,{$},,,,{$},,,,,{$},,,,{$},,,,,{$},,,,,,,
,,{$},,,,{$},,,,,{$},,,,{$},,,,,{$},,,,{$},,,,,{$},,,,{$},,,,,{$},,,,{$},,,,,{$},,,,,,,
,,{$},,,,{$},,,,,{$},,,,{$},,,,,{$},,,,{$},,,,,{$},,,,{$},,,,,{$},,,,{$},,,,,{$},,,,,,,
,,{$},,,,{$},,,,,{$},,,,{$},,,,,{$},,,,{$},,,,,{$},,,,{$},,,,,{$},,,,{$},,,,,{$},,,,,,,
,,{$},,,,{$},,,,,{$},,,,{$},,,,,{$},,,,{$},,,,,{$},,,,{$},,,,,{$},,,,{$},,,,,{$},,,,,,,
,,{$},,,,{$},,,,,{$},,,,{$},,,,,{$},,,,{$},,,,,{$},,,,{$},,,,,{$},,,,{$},,,,,{$},,,,,,,
,,{$},,,,{$},,,,,{$},,,,{$},,,,,{$},,,,{$},,,,,{$},,,,{$},,,,,{$},,,,{$},,,,,{$},,,,,,,
6,,{$},,"Б1.О.15
Физическая культура и спорт
[За]
УК-7.1; УК-7.4",0.5,{$},,,,,{$},,"Б1.О.25
Дополнительные главы алгебры
[Эк]
ОПК-3.1",5,{$},,,,,{$},,,,{$},,"Б1.О.15
Физическая культура и спорт
[За]
УК-7.1; УК-7.4",0.5,,{$},,"Б1.О.13
Операционные системы
[Эк]
ОПК-2.1; ОПК-2.2; ОПК-12.2",5,{$},,"Б1.О.10
Программно-аппаратные средства защиты информации
[За]
ОПК-13.1; ОПК-15.1; ОПК-15.2",4,,{$},,,,{$},,"Б1.О.47
Основы построения защищённых компьютерных сетей
[Эк]
ОПК-12.1",4,,{$},,,,,,,
,,{$},,,,{$},,,,,{$},,,,{$},,,,,{$},,,,{$},,,,,{$},,,,{$},,,,,{$},,,,{$},,,,,{$},,,,,,,
,,{$},,,,{$},,,,,{$},,,,{$},,,,,{$},,,,{$},,,,,{$},,,,{$},,,,,{$},,,,{$},,,,,{$},,,,,,,
,,{$},,,,{$},,,,,{$},,,,{$},,,,,{$},,,,{$},,,,,{$},,,,{$},,,,,{$},,,,{$},,,,,{$},,,,,,,
,,{$},,,,{$},,,,,{$},,,,{$},,,,,{$},,,,{$},,,,,{$},,,,{$},,,,,{$},,,,{$},,,,,{$},,,,,,,
,,{$},,"Б1.О.23
Алгебра
[За]
ОПК-3.1",3,{$},,"Б1.О.21
Введение в профессиональную деятельность
[За]
ОПК-1.1; ОПК-1.2; ОПК-1.3",3,,{$},,,,{$},,,,,{$},,,,{$},,"Б1.О.20
Экономическая культура и финансовая грамотность
[За]
УК-9.1; УК-9.2; УК-9.3",3,,{$},,,,{$},,,,,{$},,,,{$},,,,,{$},,,,,,,
,,{$},,,,{$},,,,,{$},,,,{$},,,,,{$},,,,{$},,,,,{$},,,,{$},,,,,{$},,,,{$},,,,,{$},,,,,,,
,,{$},,,,{$},,,,,{$},,,,{$},,,,,{$},,,,{$},,,,,{$},,,,{$},,,,,{$},,,,{$},,,,,{$},,,,,,,
,,{$},,,,{$},,,,,{$},,,,{$},,,,,{$},,,,{$},,,,,{$},,,,{$},,,,,{$},,,,{$},,,,,{$},,,,,,,
,,{$},,,,{$},,,,,{$},,,,{$},,,,,{$},,,,{$},,,,,{$},,,,{$},,,,,{$},,,,{$},,,,,{$},,,,,,,
7,,{$},,,,{$},,,,,{$},,,,{$},,"Б1.О.27
Дополнительные главы математического анализа
[Эк]
ОПК-3.1",5,,{$},,,,{$},,,,,{$},,,,{$},,,,,{$},,,,{$},,,,,{$},,,,,,,
,,{$},,,,{$},,,,,{$},,,,{$},,,,,{$},,,,{$},,,,,{$},,,,{$},,,,,{$},,,,{$},,,,,{$},,,,,,,
,,{$},,,,{$},,,,,{$},,,,{$},,,,,{$},,,,{$},,,,,{$},,,,{$},,,,,{$},,,,{$},,,,,{$},,,,,,,
,,{$},,,,{$},,,,,{$},,,,{$},,,,,{$},,,,{$},,,,,{$},,,,{$},,,,,{$},,,,{$},,,,,{$},,,,,,,
,,{$},,,,{$},,,,,{$},,,,{$},,,,,{$},,,,{$},,,,,{$},,,,{$},,,,,{$},,,,{$},,,,,{$},,,,,,,
,,{$},,,,{$},,,,,{$},,,,{$},,,,,{$},,,,{$},,,,,{$},,,,{$},,,,,{$},,,,{$},,,,,{$},,,,,,,
,,{$},,,,{$},,,,,{$},,,,{$},,,,,{$},,,,{$},,,,,{$},,,,{$},,,,,{$},,,,{$},,,,,{$},,,,,,,
,,{$},,,,{$},,,,,{$},,,,{$},,,,,{$},,,,{$},,,,,{$},,,,{$},,,,,{$},,,,{$},,,,,{$},,,,,,,
,,{$},,,,{$},,,,,{$},,,,{$},,,,,{$},,,,{$},,,,,{$},,,,{$},,,,,{$},,,,{$},,,,,{$},,,,,,,
,,{$},,,,{$},,,,,{$},,,,{$},,,,,{$},,,,{$},,,,,{$},,,,{$},,,,,{$},,,,{$},,,,,{$},,,,,,,
8,,{$},,,,{$},,,,,{$},,,,{$},,,,,{$},,"Б1.О.15
Физическая культура и спорт
[За]
УК-7.1; УК-7.4",0.5,{$},,,,,{$},,,,{$},,,,,{$},,,,{$},,,,,{$},,,,,,,
,,{$},,,,{$},,,,,{$},,,,{$},,,,,{$},,,,{$},,,,,{$},,,,{$},,,,,{$},,,,{$},,,,,{$},,,,,,,
,,{$},,,,{$},,,,,{$},,,,{$},,,,,{$},,,,{$},,,,,{$},,,,{$},,,,,{$},,,,{$},,,,,{$},,,,,,,
,,{$},,,,{$},,,,,{$},,,,{$},,,,,{$},,,,{$},,,,,{$},,,,{$},,,,,{$},,,,{$},,,,,{$},,,,,,,
,,{$},,,,{$},,,,,{$},,,,{$},,,,,{$},,,,{$},,,,,{$},,,,{$},,,,,{$},,,,{$},,,,,{$},,,,,,,
,,{$},,,,{$},,,,,{$},,,,{$},,,,,{$},,"Б1.О.18
Личностное развитие и командообразование
[За]
УК-3.1; УК-3.2; УК-3.3; УК-6.1; УК-6.2; УК-6.3",4,{$},,,,,{$},,,,{$},,,,,{$},,,,{$},,,,,{$},,,,,,,
,,{$},,,,{$},,,,,{$},,,,{$},,,,,{$},,,,{$},,,,,{$},,,,{$},,,,,{$},,,,{$},,,,,{$},,,,,,,
,,{$},,,,{$},,,,,{$},,,,{$},,,,,{$},,,,{$},,,,,{$},,,,{$},,,,,{$},,,,{$},,,,,{$},,,,,,,
,,{$},,,,{$},,,,,{$},,,,{$},,,,,{$},,,,{$},,,,,{$},,,,{$},,,,,{$},,,,{$},,,,,{$},,,,,,,
,,{$},,,,{$},,,,,{$},,,,{$},,,,,{$},,,,{$},,,,,{$},,,,{$},,,,,{$},,,,{$},,,,,{$},,,,,,,
9,,{$},,,,{$},,,,,{$},,,,{$},,,,,{$},,,,{$},,,,,{$},,,,{$},,,,,{$},,,,{$},,,,,{$},,,,,,,
,,{$},,,,{$},,,,,{$},,,,{$},,,,,{$},,,,{$},,,,,{$},,,,{$},,,,,{$},,,,{$},,,,,{$},,,,,,,
,,{$},,,,{$},,,,,{$},,,,{$},,,,,{$},,,,{$},,,,,{$},,,,{$},,,,,{$},,,,{$},,,,,{$},,,,,,,
,,{$},,,,{$},,,,,{$},,,,{$},,,,,{$},,,,{$},,,,,{$},,,,{$},,,,,{$},,,,{$},,,,,{$},,,,,,,
,,{$},,,,{$},,,,,{$},,,,{$},,,,,{$},,,,{$},,,,,{$},,,,{$},,,,,{$},,,,{$},,,,,{$},,,,,,,
,,{$},,"Б1.О.24
Аналитическая геометрия
[Эк]
ОПК-3.1",5,{$},,"Б1.О.23
Алгебра
[Эк]
ОПК-3.1",4,,{$},,,,{$},,,,,{$},,,,{$},,"Б1.О.33
Численные методы
[За]
ОПК-3.1",2,,{$},,,,{$},,,,,{$},,,,{$},,,,,{$},,,,,,,
,,{$},,,,{$},,,,,{$},,,,{$},,,,,{$},,,,{$},,,,,{$},,,,{$},,,,,{$},,,,{$},,,,,{$},,,,,,,
,,{$},,,,{$},,,,,{$},,,,{$},,,,,{$},,,,{$},,,,,{$},,,,{$},,,,,{$},,,,{$},,,,,{$},,,,,,,
,,{$},,,,{$},,,,,{$},,,,{$},,,,,{$},,,,{$},,,,,{$},,,,{$},,,,,{$},,,,{$},,,,,{$},,,,,,,
,,{$},,,,{$},,,,,{$},,,,{$},,,,,{$},,,,{$},,,,,{$},,,,{$},,,,,{$},,,,{$},,,,,{$},,,,,,,
10,,{$},,,,{$},,,,,{$},,,,{$},,,,,{$},,,,{$},,,,,{$},,,,{$},,"Б1.О.22
Защита в операционных системах
[Эк]
ОПК-12.2",5,,{$},,"Б1.О.10
Программно-аппаратные средства защиты информации
[Эк]
ОПК-13.1; ОПК-15.1; ОПК-15.2",6,{$},,"Б1.О.48
Открытые информационные системы
[За]
ОПК-5.1.1; ОПК-5.1.2; ОПК-5.2.1; ОПК-5.2.2; ОПК-5.3.1; ОПК-5.3.2",4,,{$},,,,,,,
,,{$},,,,{$},,,,,{$},,,,{$},,,,,{$},,,,{$},,,,,{$},,,,{$},,,,,{$},,,,{$},,,,,{$},,,,,,,
,,{$},,,,{$},,,,,{$},,,,{$},,,,,{$},,,,{$},,,,,{$},,,,{$},,,,,{$},,,,{$},,,,,{$},,,,,,,
,,{$},,,,{$},,,,,{$},,,,{$},,,,,{$},,,,{$},,,,,{$},,,,{$},,,,,{$},,,,{$},,,,,{$},,,,,,,
,,{$},,,,{$},,,,,{$},,,,{$},,,,,{$},,,,{$},,,,,{$},,,,{$},,,,,{$},,,,{$},,,,,{$},,,,,,,
,,{$},,,,{$},,,,,{$},,,,{$},,,,,{$},,,,{$},,,,,{$},,,,{$},,,,,{$},,,,{$},,,,,{$},,,,,,,
,,{$},,,,{$},,,,,{$},,,,{$},,,,,{$},,,,{$},,,,,{$},,,,{$},,,,,{$},,,,{$},,,,,{$},,,,,,,
,,{$},,,,{$},,,,,{$},,,,{$},,,,,{$},,,,{$},,,,,{$},,,,{$},,,,,{$},,,,{$},,,,,{$},,,,,,,
,,{$},,,,{$},,,,,{$},,,,{$},,,,,{$},,,,{$},,,,,{$},,,,{$},,,,,{$},,,,{$},,,,,{$},,,,,,,
,,{$},,,,{$},,,,,{$},,,,{$},,,,,{$},,,,{$},,,,,{$},,,,{$},,,,,{$},,,,{$},,,,,{$},,,,,,,
11,,{$},,,,{$},,,,,{$},,"Б1.О.27
Дополнительные главы математического анализа
[За]
ОПК-3.1",4,{$},,,,,{$},,,,{$},,,,,{$},,"Б1.О.34
Исследование операций
[Эк]
ОПК-3.1",5,{$},,,,,{$},,,,{$},,,,,{$},,,,,,,
,,{$},,,,{$},,,,,{$},,,,{$},,,,,{$},,,,{$},,,,,{$},,,,{$},,,,,{$},,,,{$},,,,,{$},,,,,,,
,,{$},,,,{$},,,,,{$},,,,{$},,,,,{$},,,,{$},,,,,{$},,,,{$},,,,,{$},,,,{$},,,,,{$},,,,,,,
,,{$},,,,{$},,,,,{$},,,,{$},,,,,{$},,,,{$},,,,,{$},,,,{$},,,,,{$},,,,{$},,,,,{$},,,,,,,
,,{$},,,,{$},,,,,{$},,,,{$},,,,,{$},,,,{$},,,,,{$},,,,{$},,,,,{$},,,,{$},,,,,{$},,,,,,,
,,{$},,,,{$},,,,,{$},,,,{$},,,,,{$},,,,{$},,"Б1.О.36
Системы управления базами данных
[За]
ОПК-12.3",3,,{$},,,,{$},,,,,{$},,,,{$},,,,,{$},,,,,,,
,,{$},,,,{$},,,,,{$},,,,{$},,,,,{$},,,,{$},,,,,{$},,,,{$},,,,,{$},,,,{$},,,,,{$},,,,,,,
,,{$},,,,{$},,,,,{$},,,,{$},,,,,{$},,,,{$},,,,,{$},,,,{$},,,,,{$},,,,{$},,,,,{$},,,,,,,
,,{$},,,,{$},,,,,{$},,,,{$},,,,,{$},,,,{$},,,,,{$},,,,{$},,,,,{$},,,,{$},,,,,{$},,,,,,,
,,{$},,,,{$},,,,,{$},,,,{$},,,,,{$},,,,{$},,,,,{$},,,,{$},,,,,{$},,,,{$},,,,,{$},,,,,,,
12,,{$},,,,{$},,,,,{$},,,,{$},,"Б1.О.30
Теория вероятностей и математическая статистика
[Эк]
ОПК-3.1",5,,{$},,,,{$},,,,,{$},,,,{$},,,,,{$},,,,{$},,,,,{$},,,,,,,
,,{$},,,,{$},,,,,{$},,,,{$},,,,,{$},,,,{$},,,,,{$},,,,{$},,,,,{$},,,,{$},,,,,{$},,,,,,,
,,{$},,,,{$},,,,,{$},,,,{$},,,,,{$},,,,{$},,,,,{$},,,,{$},,,,,{$},,,,{$},,,,,{$},,,,,,,
,,{$},,,,{$},,,,,{$},,,,{$},,,,,{$},,,,{$},,,,,{$},,,,{$},,,,,{$},,,,{$},,,,,{$},,,,,,,
,,{$},,,,{$},,,,,{$},,,,{$},,,,,{$},,,,{$},,,,,{$},,,,{$},,,,,{$},,,,{$},,,,,{$},,,,,,,
,,{$},,,,{$},,,,,{$},,,,{$},,,,,{$},,"Б1.О.30
Теория вероятностей и математическая статистика
[Эк]
ОПК-3.1",5,{$},,,,,{$},,,,{$},,,,,{$},,,,{$},,,,,{$},,,,,,,
,,{$},,,,{$},,,,,{$},,,,{$},,,,,{$},,,,{$},,,,,{$},,,,{$},,,,,{$},,,,{$},,,,,{$},,,,,,,
,,{$},,,,{$},,,,,{$},,,,{$},,,,,{$},,,,{$},,,,,{$},,,,{$},,,,,{$},,,,{$},,,,,{$},,,,,,,
,,{$},,,,{$},,,,,{$},,,,{$},,,,,{$},,,,{$},,,,,{$},,,,{$},,,,,{$},,,,{$},,,,,{$},,,,,,,
,,{$},,,,{$},,,,,{$},,,,{$},,,,,{$},,,,{$},,,,,{$},,,,{$},,,,,{$},,,,{$},,,,,{$},,,,,,,
13,,{$},,,,{$},,,,,{$},,,,{$},,,,,{$},,,,{$},,,,,{$},,,,{$},,,,,{$},,,,{$},,,,,{$},,,,,,,
,,{$},,,,{$},,,,,{$},,,,{$},,,,,{$},,,,{$},,,,,{$},,,,{$},,,,,{$},,,,{$},,,,,{$},,,,,,,
,,{$},,,,{$},,,,,{$},,,,{$},,,,,{$},,,,{$},,,,,{$},,,,{$},,,,,{$},,,,{$},,,,,{$},,,,,,,
,,{$},,,,{$},,,,,{$},,,,{$},,,,,{$},,,,{$},,,,,{$},,,,{$},,,,,{$},,,,{$},,,,,{$},,,,,,,
,,{$},,,,{$},,,,,{$},,,,{$},,,,,{$},,,,{$},,,,,{$},,,,{$},,,,,{$},,,,{$},,,,,{$},,,,,,,
,,{$},,,,{$},,"Б1.О.26
Математический анализ
[Эк]
ОПК-3.1",5,,{$},,,,{$},,,,,{$},,,,{$},,,,,{$},,,,{$},,,,,{$},,,,{$},,,,,{$},,,,,,,
,,{$},,,,{$},,,,,{$},,,,{$},,,,,{$},,,,{$},,,,,{$},,,,{$},,,,,{$},,,,{$},,,,,{$},,,,,,,
,,{$},,,,{$},,,,,{$},,,,{$},,,,,{$},,,,{$},,,,,{$},,,,{$},,,,,{$},,,,{$},,,,,{$},,,,,,,
,,{$},,,,{$},,,,,{$},,,,{$},,,,,{$},,,,{$},,,,,{$},,,,{$},,,,,{$},,,,{$},,,,,{$},,,,,,,
,,{$},,,,{$},,,,,{$},,,,{$},,,,,{$},,,,{$},,,,,{$},,,,{$},,,,,{$},,,,{$},,,,,{$},,,,,,,
14,,{$},,,,{$},,,,,{$},,,,{$},,,,,{$},,,,{$},,,,,{$},,,,{$},,,,,{$},,,,{$},,"Б1.О.52
Комплексная защита информации
[Эк]
ОПК-6.1; ОПК-6.2; ОПК-5.1.1; ОПК-5.1.2; ОПК-5.2.1; ОПК-5.2.2; ОПК-5.3.1; ОПК-5.3.2",5,,{$},,,,,,,
,,{$},,,,{$},,,,,{$},,,,{$},,,,,{$},,,,{$},,,,,{$},,,,{$},,,,,{$},,,,{$},,,,,{$},,,,,,,
,,{$},,,,{$},,,,,{$},,,,{$},,,,,{$},,,,{$},,,,,{$},,,,{$},,,,,{$},,,,{$},,,,,{$},,,,,,,
,,{$},,,,{$},,,,,{$},,,,{$},,,,,{$},,,,{$},,,,,{$},,,,{$},,,,,{$},,,,{$},,,,,{$},,,,,,,
,,{$},,,,{$},,,,,{$},,,,{$},,,,,{$},,,,{$},,,,,{$},,,,{$},,,,,{$},,,,{$},,,,,{$},,,,,,,
,,{$},,"Б1.О.26
Математический анализ
[За]
ОПК-3.1",5,{$},,,,,{$},,,,{$},,,,,{$},,,,{$},,"Б1.О.45
Теория информации
[Эк]
ОПК-1.1",3,,{$},,,,{$},,,,,{$},,,,{$},,,,,{$},,,,,,,
,,{$},,,,{$},,,,,{$},,,,{$},,,,,{$},,,,{$},,,,,{$},,,,{$},,,,,{$},,,,{$},,,,,{$},,,,,,,
,,{$},,,,{$},,,,,{$},,,,{$},,,,,{$},,,,{$},,,,,{$},,,,{$},,,,,{$},,,,{$},,,,,{$},,,,,,,
,,{$},,,,{$},,,,,{$},,,,{$},,,,,{$},,,,{$},,,,,{$},,,,{$},,,,,{$},,,,{$},,,,,{$},,,,,,,
,,{$},,,,{$},,,,,{$},,,,{$},,,,,{$},,,,{$},,,,,{$},,,,{$},,,,,{$},,,,{$},,,,,{$},,,,,,,
15,,{$},,,,{$},,,,,{$},,"Б1.О.29
Математическая логика и теория алгоритмов
[За, КР]
ОПК-3.1",4,{$},,,,,{$},,,,{$},,,,,{$},,,,{$},,"Б1.О.43
Технологии и методы программирования
[За]
ОПК-7.1; ОПК-7.2; ОПК-7.3",3,,{$},,,,{$},,,,,{$},,,,,,,
,,{$},,,,{$},,,,,{$},,,,{$},,,,,{$},,,,{$},,,,,{$},,,,{$},,,,,{$},,,,{$},,,,,{$},,,,,,,
,,{$},,,,{$},,,,,{$},,,,{$},,,,,{$},,,,{$},,,,,{$},,,,{$},,,,,{$},,,,{$},,,,,{$},,,,,,,
,,{$},,,,{$},,,,,{$},,,,{$},,,,,{$},,,,{$},,,,,{$},,,,{$},,,,,{$},,,,{$},,,,,{$},,,,,,,
,,{$},,,,{$},,,,,{$},,,,{$},,,,,{$},,,,{$},,,,,{$},,,,{$},,,,,{$},,,,{$},,,,,{$},,,,,,,
,,{$},,,,{$},,,,,{$},,,,{$},,,,,{$},,,,{$},,,,,{$},,,,{$},,,,,{$},,,,{$},,,,,{$},,,,,,,
,,{$},,,,{$},,,,,{$},,,,{$},,,,,{$},,,,{$},,,,,{$},,,,{$},,,,,{$},,,,{$},,,,,{$},,,,,,,
,,{$},,,,{$},,,,,{$},,,,{$},,,,,{$},,,,{$},,,,,{$},,,,{$},,,,,{$},,,,{$},,,,,{$},,,,,,,
,,{$},,,,{$},,,,,{$},,,,{$},,,,,{$},,,,{$},,,,,{$},,,,{$},,,,,{$},,,,{$},,,,,{$},,,,,,,
,,{$},,,,{$},,,,,{$},,,,{$},,,,,{$},,,,{$},,,,,{$},,,,{$},,,,,{$},,,,{$},,,,,{$},,,,,,,
16,,{$},,,,{$},,,,,{$},,,,{$},,,,,{$},,,,{$},,,,,{$},,"Б1.О.44
Параллельное программирование
[За]
ОПК-7.1; ОПК-7.2; ОПК-7.3",3,{$},,,,,{$},,"Б1.О.11
Управление информационной безопасностью
[Эк]
ОПК-13.2; ОПК-15.1; ОПК-15.2; ОПК-5.1.1; ОПК-5.1.2",5,{$},,,,,{$},,,,,,,
,,{$},,,,{$},,,,,{$},,,,{$},,,,,{$},,,,{$},,,,,{$},,,,{$},,,,,{$},,,,{$},,,,,{$},,,,,,,
,,{$},,,,{$},,,,,{$},,,,{$},,,,,{$},,,,{$},,,,,{$},,,,{$},,,,,{$},,,,{$},,,,,{$},,,,,,,
,,{$},,,,{$},,,,,{$},,,,{$},,,,,{$},,,,{$},,,,,{$},,,,{$},,,,,{$},,,,{$},,,,,{$},,,,,,,
,,{$},,,,{$},,,,,{$},,,,{$},,,,,{$},,,,{$},,,,,{$},,,,{$},,,,,{$},,,,{$},,,,,{$},,,,,,,
,,{$},,,,{$},,,,,{$},,,,{$},,,,,{$},,,,{$},,,,,{$},,,,{$},,,,,{$},,,,{$},,,,,{$},,,,,,,
,,{$},,,,{$},,,,,{$},,,,{$},,,,,{$},,,,{$},,,,,{$},,,,{$},,,,,{$},,,,{$},,,,,{$},,,,,,,
,,{$},,,,{$},,,,,{$},,,,{$},,,,,{$},,,,{$},,,,,{$},,,,{$},,,,,{$},,,,{$},,,,,{$},,,,,,,
,,{$},,,,{$},,,,,{$},,,,{$},,,,,{$},,,,{$},,,,,{$},,,,{$},,,,,{$},,,,{$},,,,,{$},,,,,,,
,,{$},,,,{$},,,,,{$},,,,{$},,,,,{$},,,,{$},,,,,{$},,,,{$},,,,,{$},,,,{$},,,,,{$},,,,,,,
17,,{$},,,,{$},,,,,{$},,,,{$},,"Б1.О.31
Дифференциальные уравнения
[За]
ОПК-3.1",3,,{$},,,,{$},,,,,{$},,,,{$},,,,,{$},,,,{$},,,,,{$},,,,,,,
,,{$},,,,{$},,,,,{$},,,,{$},,,,,{$},,,,{$},,,,,{$},,,,{$},,,,,{$},,,,{$},,,,,{$},,,,,,,
,,{$},,,,{$},,,,,{$},,,,{$},,,,,{$},,,,{$},,,,,{$},,,,{$},,,,,{$},,,,{$},,,,,{$},,,,,,,
,,{$},,,,{$},,,,,{$},,,,{$},,,,,{$},,,,{$},,,,,{$},,,,{$},,,,,{$},,,,{$},,,,,{$},,,,,,,
,,{$},,,,{$},,,,,{$},,,,{$},,,,,{$},,,,{$},,,,,{$},,,,{$},,,,,{$},,,,{$},,,,,{$},,,,,,,
,,{$},,,,{$},,,,,{$},,,,{$},,,,,{$},,"Б1.О.32
Теория функций комплексного переменного
[За]
ОПК-3.1",3,{$},,"Б1.О.46
Теоретико-числовые методы в криптографии
[Эк]
ОПК-3.1",5,,{$},,,,{$},,,,,{$},,,,{$},,,,,{$},,,,,,,
,,{$},,,,{$},,,,,{$},,,,{$},,,,,{$},,,,{$},,,,,{$},,,,{$},,,,,{$},,,,{$},,,,,{$},,,,,,,
,,{$},,,,{$},,,,,{$},,,,{$},,,,,{$},,,,{$},,,,,{$},,,,{$},,,,,{$},,,,{$},,,,,{$},,,,,,,
,,{$},,,,{$},,,,,{$},,,,{$},,,,,{$},,,,{$},,,,,{$},,,,{$},,,,,{$},,,,{$},,,,,{$},,,,,,,
,,{$},,,,{$},,,,,{$},,,,{$},,,,,{$},,,,{$},,,,,{$},,,,{$},,,,,{$},,,,{$},,,,,{$},,,,,,,
18,,{$},,,,{$},,,,,{$},,,,{$},,,,,{$},,,,{$},,,,,{$},,,,{$},,"Б1.О.51
Компьютерные сети
[Эк]
ОПК-2.1; ОПК-2.2; ОПК-12.1",5,,{$},,,,{$},,,,,{$},,,,,,,
,,{$},,,,{$},,,,,{$},,,,{$},,,,,{$},,,,{$},,,,,{$},,,,{$},,,,,{$},,,,{$},,,,,{$},,,,,,,
,,{$},,,,{$},,,,,{$},,,,{$},,,,,{$},,,,{$},,,,,{$},,,,{$},,,,,{$},,,,{$},,,,,{$},,,,,,,
,,{$},,,,{$},,,,,{$},,,,{$},,,,,{$},,,,{$},,,,,{$},,,,{$},,,,,{$},,,,{$},,,,,{$},,,,,,,
,,{$},,,,{$},,,,,{$},,,,{$},,,,,{$},,,,{$},,,,,{$},,,,{$},,,,,{$},,,,{$},,,,,{$},,,,,,,
,,{$},,,,{$},,"Б1.О.28
Дискретная математика
[Эк]
ОПК-3.1",5,,{$},,,,{$},,,,,{$},,,,{$},,,,,{$},,,,{$},,,,,{$},,,,{$},,,,,{$},,,,,,,
,,{$},,,,{$},,,,,{$},,,,{$},,,,,{$},,,,{$},,,,,{$},,,,{$},,,,,{$},,,,{$},,,,,{$},,,,,,,
,,{$},,,,{$},,,,,{$},,,,{$},,,,,{$},,,,{$},,,,,{$},,,,{$},,,,,{$},,,,{$},,,,,{$},,,,,,,
,,{$},,,,{$},,,,,{$},,,,{$},,,,,{$},,,,{$},,,,,{$},,,,{$},,,,,{$},,,,{$},,,,,{$},,,,,,,
,,{$},,,,{$},,,,,{$},,,,{$},,,,,{$},,,,{$},,,,,{$},,,,{$},,,,,{$},,,,{$},,,,,{$},,,,,,,
19,,{$},,,,{$},,,,,{$},,"Б1.О.35
Физика
[Эк]
ОПК-4.1",4,{$},,,,,{$},,,,{$},,,,,{$},,"Б1.О.49
Основы научных исследований
[За]
ОПК-8.1",2,{$},,,,,{$},,,,{$},,"Б1.В.02
Междисциплинарный курсовой проект
[За, КР]
ПК-1.1; ПК-1.2; ПК-3.1; ПК-3.2; ПК-4.1; ПК-4.2; ПК-5.1; ПК-5.2; ПК-5.3; ПК-5.5; ПК-6.1; ПК-6.2",3,,{$},,,,,,,
,,{$},,,,{$},,,,,{$},,,,{$},,,,,{$},,,,{$},,,,,{$},,,,{$},,,,,{$},,,,{$},,,,,{$},,,,,,,
,,{$},,,,{$},,,,,{$},,,,{$},,,,,{$},,,,{$},,,,,{$},,,,{$},,,,,{$},,,,{$},,,,,{$},,,,,,,
,,{$},,,,{$},,,,,{$},,,,{$},,,,,{$},,,,{$},,,,,{$},,,,{$},,,,,{$},,,,{$},,,,,{$},,,,,,,
,,{$},,,,{$},,,,,{$},,,,{$},,,,,{$},,,,{$},,,,,{$},,,,{$},,,,,{$},,,,{$},,,,,{$},,,,,,,
,,{$},,"Б1.О.38
Информатика
[Эк]
ОПК-1.1; ОПК-1.2; ОПК-1.3",4,{$},,,,,{$},,,,{$},,,,,{$},,,,{$},,,,,{$},,,,{$},,,,,{$},,,,{$},,,,,{$},,,,,,,
,,{$},,,,{$},,,,,{$},,,,{$},,,,,{$},,,,{$},,,,,{$},,,,{$},,,,,{$},,,,{$},,,,,{$},,,,,,,
,,{$},,,,{$},,,,,{$},,,,{$},,,,,{$},,,,{$},,,,,{$},,,,{$},,,,,{$},,,,{$},,,,,{$},,,,,,,
,,{$},,,,{$},,,,,{$},,,,{$},,,,,{$},,,,{$},,,,,{$},,,,{$},,,,,{$},,,,{$},,,,,{$},,,,,,,
,,{$},,,,{$},,,,,{$},,,,{$},,,,,{$},,,,{$},,,,,{$},,,,{$},,,,,{$},,,,{$},,,,,{$},,,,,,,
20,,{$},,,,{$},,,,,{$},,,,{$},,"Б1.О.37
Электроника и схемотехника
[За]
ОПК-4.2",4,,{$},,,,{$},,,,,{$},,,,{$},,,,,{$},,,,{$},,,,,{$},,,,,,,
,,{$},,,,{$},,,,,{$},,,,{$},,,,,{$},,,,{$},,,,,{$},,,,{$},,,,,{$},,,,{$},,,,,{$},,,,,,,
,,{$},,,,{$},,,,,{$},,,,{$},,,,,{$},,,,{$},,,,,{$},,,,{$},,,,,{$},,,,{$},,,,,{$},,,,,,,
,,{$},,,,{$},,,,,{$},,,,{$},,,,,{$},,,,{$},,,,,{$},,,,{$},,,,,{$},,,,{$},,,,,{$},,,,,,,
,,{$},,,,{$},,,,,{$},,,,{$},,,,,{$},,,,{$},,,,,{$},,,,{$},,,,,{$},,,,{$},,,,,{$},,,,,,,
,,{$},,,,{$},,,,,{$},,,,{$},,,,,{$},,"Б1.О.37
Электроника и схемотехника
[Эк]
ОПК-4.2",6,{$},,,,,{$},,,,{$},,,,,{$},,,,{$},,,,,{$},,,,,,,
,,{$},,,,{$},,,,,{$},,,,{$},,,,,{$},,,,{$},,,,,{$},,,,{$},,,,,{$},,,,{$},,,,,{$},,,,,,,
,,{$},,,,{$},,,,,{$},,,,{$},,,,,{$},,,,{$},,,,,{$},,,,{$},,,,,{$},,,,{$},,,,,{$},,,,,,,
,,{$},,,,{$},,,,,{$},,,,{$},,,,,{$},,,,{$},,,,,{$},,,,{$},,,,,{$},,,,{$},,,,,{$},,,,,,,
,,{$},,,,{$},,,,,{$},,,,{$},,,,,{$},,,,{$},,,,,{$},,,,{$},,,,,{$},,,,{$},,,,,{$},,,,,,,
21,,{$},,,,{$},,,,,{$},,,,{$},,,,,{$},,,,{$},,,,,{$},,"Б1.О.53
Акмеология
[За]
УК-1.1; УК-1.2; УК-1.3; УК-6.1",3,{$},,,,,{$},,"Б1.О.14
Криптографические протоколы
[Эк]
ОПК-10.1; ОПК-10.2",5,{$},,,,,{$},,,,,,,
,,{$},,,,{$},,,,,{$},,,,{$},,,,,{$},,,,{$},,,,,{$},,,,{$},,,,,{$},,,,{$},,,,,{$},,,,,,,
,,{$},,,,{$},,,,,{$},,,,{$},,,,,{$},,,,{$},,,,,{$},,,,{$},,,,,{$},,,,{$},,,,,{$},,,,,,,
,,{$},,,,{$},,,,,{$},,,,{$},,,,,{$},,,,{$},,,,,{$},,,,{$},,,,,{$},,,,{$},,,,,{$},,,,,,,
,,{$},,,,{$},,,,,{$},,,,{$},,,,,{$},,,,{$},,,,,{$},,,,{$},,,,,{$},,,,{$},,,,,{$},,,,,,,
,,{$},,,,{$},,,,,{$},,,,{$},,,,,{$},,,,{$},,,,,{$},,,,{$},,,,,{$},,,,{$},,,,,{$},,,,,,,
,,{$},,,,{$},,,,,{$},,,,{$},,,,,{$},,,,{$},,,,,{$},,,,{$},,,,,{$},,,,{$},,,,,{$},,,,,,,
,,{$},,,,{$},,,,,{$},,,,{$},,,,,{$},,,,{$},,,,,{$},,,,{$},,,,,{$},,,,{$},,,,,{$},,,,,,,
,,{$},,,,{$},,,,,{$},,,,{$},,,,,{$},,,,{$},,,,,{$},,,,{$},,,,,{$},,,,{$},,,,,{$},,,,,,,
,,{$},,,,{$},,,,,{$},,,,{$},,,,,{$},,,,{$},,,,,{$},,,,{$},,,,,{$},,,,{$},,,,,{$},,,,,,,
22,,{$},,,,{$},,,,,{$},,,,{$},,,,,{$},,,,{$},,,,,{$},,,,{$},,,,,{$},,,,{$},,"Б1.В.06
Искусственный интеллект при принятии решений
[За]
ПК-2.1; ПК-2.2",3,,{$},,"Б3.01(Д)
Подготовка к процедуре защиты и защита выпускной квалификационной работы
УК-1.1; УК-1.2; УК-1.3; УК-2.1; УК-2.2; УК-2.3; УК-3.1; УК-3.2; УК-3.3; УК-4.1; УК-4.2; УК-4.3; УК-5.1; УК-5.2; УК-6.1; УК-6.2; УК-6.3; УК-7.1; УК-7.2; УК-7.3; УК-7.4; УК-8.1; УК-8.2; УК-8.3; УК-9.1; УК-9.2; УК-9.3; УК-10.1; УК-10.2; ОПК-1.1; ОПК-1.2; ОПК-1.3; ОПК-2.1; ОПК-2.2; ОПК-3.1; ОПК-4.1; ОПК-4.2; ОПК-5.1; ОПК-5.2; ОПК-6.1; ОПК-6.2; ОПК-7.1; ОПК-7.2; ОПК-7.3; ОПК-8.1; ОПК-9.1; ОПК-9.2; ОПК-9.3; ОПК-10.1; ОПК-10.2; ОПК-11.1; ОПК-11.2; ОПК-12.1; ОПК-12.2; ОПК-12.3; ОПК-13.1; ОПК-13.2; ОПК-14.1; ОПК-14.2; ОПК-15.1; ОПК-15.2; ОПК-16.1; ОПК-5.1.1; ОПК-5.1.2; ОПК-5.2.1; ОПК-5.2.2; ОПК-5.3.1; ОПК-5.3.2; ПК-1.1; ПК-1.2; ПК-2.1; ПК-2.2; ПК-3.1; ПК-3.2; ПК-4.1; ПК-4.2; ПК-5.1; ПК-5.2; ПК-5.3; ПК-5.4; ПК-5.5; ПК-6.1; ПК-6.2",6,,,,
,,{$},,,,{$},,,,,{$},,,,{$},,,,,{$},,,,{$},,,,,{$},,,,{$},,,,,{$},,,,{$},,,,,{$},,,,,,,
,,{$},,,,{$},,,,,{$},,,,{$},,,,,{$},,,,{$},,,,,{$},,,,{$},,,,,{$},,,,{$},,,,,{$},,,,,,,
,,{$},,,,{$},,,,,{$},,,,{$},,,,,{$},,,,{$},,,,,{$},,,,{$},,,,,{$},,,,{$},,,,,{$},,,,,,,
,,{$},,,,{$},,,,,{$},,,,{$},,,,,{$},,,,{$},,,,,{$},,,,{$},,,,,{$},,,,{$},,,,,{$},,,,,,,
,,{$},,,,{$},,,,,{$},,,,{$},,,,,{$},,,,{$},,"Б1.В.03
Английский язык для профессиональных целей
[За]
УК-4.1; УК-4.2; УК-4.3",2,,{$},,,,{$},,,,,{$},,,,{$},,,,,{$},,,,,,,
,,{$},,,,{$},,,,,{$},,,,{$},,,,,{$},,,,{$},,,,,{$},,,,{$},,,,,{$},,,,{$},,,,,{$},,,,,,,
,,{$},,,,{$},,,,,{$},,,,{$},,,,,{$},,,,{$},,,,,{$},,,,{$},,,,,{$},,,,{$},,,,,{$},,,,,,,
,,{$},,,,{$},,,,,{$},,,,{$},,,,,{$},,,,{$},,,,,{$},,,,{$},,,,,{$},,,,{$},,,,,{$},,,,,,,
,,{$},,,,{$},,,,,{$},,,,{$},,,,,{$},,,,{$},,,,,{$},,,,{$},,,,,{$},,,,{$},,,,,{$},,,,,,,
23,,{$},,,,{$},,,,,{$},,"Б1.О.39
Информационные технологии
[За]
ОПК-1.1; ОПК-1.2; ОПК-1.3; ОПК-9.1",3,{$},,,,,{$},,,,{$},,,,,{$},,,,{$},,"Б1.В.04
Защита программ и данных
[Эк]
ПК-1.1; ПК-1.2; ПК-3.1; ПК-3.2; ПК-4.1; ПК-4.2; ПК-5.1; ПК-5.2; ПК-5.3; ПК-5.4; ПК-5.5; ПК-6.1; ПК-6.2",5,,{$},,,,{$},,,,,{$},,,,,,,
,,{$},,,,{$},,,,,{$},,,,{$},,,,,{$},,,,{$},,,,,{$},,,,{$},,,,,{$},,,,{$},,,,,{$},,,,,,,
,,{$},,,,{$},,,,,{$},,,,{$},,,,,{$},,,,{$},,,,,{$},,,,{$},,,,,{$},,,,{$},,,,,{$},,,,,,,
,,{$},,,,{$},,,,,{$},,,,{$},,,,,{$},,,,{$},,,,,{$},,,,{$},,,,,{$},,,,{$},,,,,{$},,,,,,,
,,{$},,,,{$},,,,,{$},,,,{$},,,,,{$},,,,{$},,,,,{$},,,,{$},,,,,{$},,,,{$},,,,,{$},,,,,,,
,,{$},,"Б1.О.41
Языки программирования
[За]
ОПК-7.1; ОПК-7.2; ОПК-7.3",4,{$},,"Б1.О.35
Физика
[За]
ОПК-4.1",4,,{$},,,,{$},,,,,{$},,,,{$},,,,,{$},,,,{$},,,,,{$},,,,{$},,,,,{$},,,,,,,
,,{$},,,,{$},,,,,{$},,,,{$},,,,,{$},,,,{$},,,,,{$},,,,{$},,,,,{$},,,,{$},,,,,{$},,,,,,,
,,{$},,,,{$},,,,,{$},,,,{$},,,,,{$},,,,{$},,,,,{$},,,,{$},,,,,{$},,,,{$},,,,,{$},,,,,,,
,,{$},,,,{$},,,,,{$},,,,{$},,,,,{$},,,,{$},,,,,{$},,,,{$},,,,,{$},,,,{$},,,,,{$},,,,,,,
,,{$},,,,{$},,,,,{$},,,,{$},,,,,{$},,,,{$},,,,,{$},,,,{$},,,,,{$},,,,{$},,,,,{$},,,,,,,
24,,{$},,,,{$},,,,,{$},,,,{$},,"Б1.О.42
Языки программирования. Дополнительные разделы
[Эк]
ОПК-7.1; ОПК-7.2; ОПК-7.3",5,,{$},,,,{$},,,,,{$},,"Б1.В.05
Документоведение и документооборот
[За]
ПК-4.1; ПК-4.2",3,{$},,,,,{$},,,,{$},,,,,{$},,,,,,,
,,{$},,,,{$},,,,,{$},,,,{$},,,,,{$},,,,{$},,,,,{$},,,,{$},,,,,{$},,,,{$},,,,,{$},,,,,,,
,,{$},,,,{$},,,,,{$},,,,{$},,,,,{$},,,,{$},,,,,{$},,,,{$},,,,,{$},,,,{$},,,,,{$},,,,,,,
,,{$},,,,{$},,,,,{$},,,,{$},,,,,{$},,,,{$},,,,,{$},,,,{$},,,,,{$},,,,{$},,,,,{$},,,,,,,
,,{$},,,,{$},,,,,{$},,,,{$},,,,,{$},,,,{$},,,,,{$},,,,{$},,,,,{$},,,,{$},,,,,{$},,,,,,,
,,{$},,,,{$},,,,,{$},,,,{$},,,,,{$},,,,{$},,"Б1.В.ДВ.02.01
Дисциплины по выбору Б1.В.ДВ.3: Модели безопасности компьютерных систем
[За]
(/ Основы вычислительного эксперимента)
ПК-2.1; ПК-4.1",3,,{$},,,,{$},,,,,{$},,,,{$},,,,,{$},,,,,,,
,,{$},,,,{$},,,,,{$},,,,{$},,,,,{$},,,,{$},,,,,{$},,,,{$},,,,,{$},,,,{$},,,,,{$},,,,,,,
,,{$},,,,{$},,,,,{$},,,,{$},,,,,{$},,,,{$},,,,,{$},,,,{$},,,,,{$},,,,{$},,,,,{$},,,,,,,
,,{$},,,,{$},,,,,{$},,,,{$},,,,,{$},,,,{$},,,,,{$},,,,{$},,,,,{$},,,,{$},,,,,{$},,,,,,,
,,{$},,,,{$},,,,,{$},,,,{$},,,,,{$},,,,{$},,,,,{$},,,,{$},,,,,{$},,,,{$},,,,,{$},,,,,,,
25,,{$},,,,{$},,,,,{$},,,,{$},,,,,{$},,,,{$},,,,,{$},,,,{$},,,,,{$},,,,{$},,"Б1.В.07
Администрирование средств защиты информации в компьютерных системах и сетях
[За]
ПК-3.1; ПК-3.2; ПК-4.1; ПК-4.2",2,,{$},,,,,,,
,,{$},,,,{$},,,,,{$},,,,{$},,,,,{$},,,,{$},,,,,{$},,,,{$},,,,,{$},,,,{$},,,,,{$},,,,,,,
,,{$},,,,{$},,,,,{$},,,,{$},,,,,{$},,,,{$},,,,,{$},,,,{$},,,,,{$},,,,{$},,,,,{$},,,,,,,
,,{$},,,,{$},,,,,{$},,,,{$},,,,,{$},,,,{$},,,,,{$},,,,{$},,,,,{$},,,,{$},,,,,{$},,,,,,,
,,{$},,,,{$},,,,,{$},,,,{$},,,,,{$},,,,{$},,,,,{$},,,,{$},,,,,{$},,,,{$},,,,,{$},,,,,,,
,,{$},,,,{$},,,,,{$},,,,{$},,,,,{$},,,,{$},,,,,{$},,,,{$},,,,,{$},,,,{$},,,,,{$},,,,,,,
,,{$},,,,{$},,,,,{$},,,,{$},,,,,{$},,,,{$},,,,,{$},,,,{$},,,,,{$},,,,{$},,,,,{$},,,,,,,
,,{$},,,,{$},,,,,{$},,,,{$},,,,,{$},,,,{$},,,,,{$},,,,{$},,,,,{$},,,,{$},,,,,{$},,,,,,,
,,{$},,,,{$},,,,,{$},,,,{$},,,,,{$},,,,{$},,,,,{$},,,,{$},,,,,{$},,,,{$},,,,,{$},,,,,,,
,,{$},,,,{$},,,,,{$},,,,{$},,,,,{$},,,,{$},,,,,{$},,,,{$},,,,,{$},,,,{$},,,,,{$},,,,,,,
26,,{$},,,,{$},,,,,{$},,"Б1.О.42
Языки программирования. Дополнительные разделы
[За]
ОПК-7.1; ОПК-7.2; ОПК-7.3",4,{$},,,,,{$},,,,{$},,,,,{$},,,,{$},,,,,{$},,"Б1.О.50
Основы управленческой деятельности
[За]
УК-1.1; УК-1.2; УК-1.3; УК-2.1; УК-2.2; УК-2.3; УК-3.1; УК-3.2; УК-3.3",3,{$},,,,,{$},,,,,,,
,,{$},,,,{$},,,,,{$},,,,{$},,,,,{$},,,,{$},,,,,{$},,,,{$},,,,,{$},,,,{$},,,,,{$},,,,,,,
,,{$},,,,{$},,,,,{$},,,,{$},,,,,{$},,,,{$},,,,,{$},,,,{$},,,,,{$},,,,{$},,,,,{$},,,,,,,
,,{$},,,,{$},,,,,{$},,,,{$},,,,,{$},,,,{$},,,,,{$},,,,{$},,,,,{$},,,,{$},,,,,{$},,,,,,,
,,{$},,,,{$},,,,,{$},,,,{$},,,,,{$},,,,{$},,,,,{$},,,,{$},,,,,{$},,,,{$},,,,,{$},,,,,,,
,,{$},,,,{$},,,,,{$},,,,{$},,,,,{$},,"Б1.О.40
Аппаратные средства вычислительной техники
[За]
ОПК-13.1",3,{$},,,,,{$},,,,{$},,,,,{$},,,,{$},,,,,{$},,,,,,,
,,{$},,,,{$},,,,,{$},,,,{$},,,,,{$},,,,{$},,,,,{$},,,,{$},,,,,{$},,,,{$},,,,,{$},,,,,,,
,,{$},,,,{$},,,,,{$},,,,{$},,,,,{$},,,,{$},,,,,{$},,,,{$},,,,,{$},,,,{$},,,,,{$},,,,,,,
,,{$},,,,{$},,,,,{$},,,,{$},,,,,{$},,,,{$},,,,,{$},,,,{$},,,,,{$},,,,{$},,,,,{$},,,,,,,
,,{$},,,,{$},,,,,{$},,,,{$},,,,,{$},,,,{$},,,,,{$},,,,{$},,,,,{$},,,,{$},,,,,{$},,,,,,,
27,,{$},,,,{$},,,,,{$},,,,{$},,,,,{$},,,,{$},,,,,{$},,"Б1.В.ДВ.01.01
Дисциплины по выбору Б1.В.ДВ.2: Математическое моделирование в задачах информационной безопасности
[За]
(/ Конечные поля и многочлены над ними)
ПК-2.1",3,{$},,,,,{$},,,,,,,,,{$},,,,,,,
,,{$},,,,{$},,,,,{$},,,,{$},,,,,{$},,,,{$},,,,,{$},,,,{$},,,,,{$},,,,,,,,,{$},,,,,,,
,,{$},,,,{$},,,,,{$},,,,{$},,,,,{$},,,,{$},,,,,{$},,,,{$},,,,,{$},,,,,,,,,{$},,,,,,,
,,{$},,,,{$},,,,,{$},,,,{$},,,,,{$},,,,{$},,,,,{$},,,,{$},,,,,{$},,,,,,,,,{$},,,,,,,
,,{$},,,,{$},,,,,{$},,,,{$},,,,,{$},,,,{$},,,,,{$},,,,{$},,,,,{$},,,,,,,,,{$},,,,,,,
,,,,,,{$},,"Б1.О.41
Языки программирования
[Эк]
ОПК-7.1; ОПК-7.2; ОПК-7.3",4,,{$},,,,{$},,,,,{$},,,,{$},,"Б2.В.02(П)
Эксплуатационная практика
[ЗаО]
ПК-1.1; ПК-1.2; ПК-2.1; ПК-2.2; ПК-3.1; ПК-3.2; ПК-4.1; ПК-4.2; ПК-5.1; ПК-5.2; ПК-5.3; ПК-5.4; ПК-5.5; ПК-6.1; ПК-6.2",3,,{$},,,,{$},,,,,{$},,,,,,,,,{$},,,,,,,
,,,,,,{$},,,,,{$},,,,{$},,,,,{$},,,,{$},,,,,{$},,,,{$},,,,,{$},,,,,,,,,{$},,,,,,,
,,,,,,{$},,,,,{$},,,,{$},,,,,{$},,,,{$},,,,,{$},,,,{$},,,,,{$},,,,,,,,,{$},,,,,,,
,,,,,,{$},,,,,{$},,,,{$},,,,,{$},,,,{$},,,,,{$},,,,{$},,,,,{$},,,,,,,,,{$},,,,,,,
,,,,,,{$},,,,,{$},,,,{$},,,,,{$},,,,{$},,,,,{$},,,,{$},,,,,{$},,,,,,,,,{$},,,,,,,
28,,,,,,{$},,,,,{$},,,,{$},,,,,{$},,,,{$},,,,,{$},,,,{$},,"Б2.О.02(П)
Научно-исследовательская работа. Часть 1
[За]
ОПК-3.1; ОПК-5.1.1; ОПК-5.1.2; ОПК-5.2.1; ОПК-5.2.2; ОПК-5.3.1; ОПК-5.3.2",3,,{$},,,,,,,,,{$},,"Б3.02(Г)
Подготовка к сдаче и сдача государственного экзамена
[Эк]
УК-1.1; УК-1.2; УК-1.3; УК-2.1; УК-2.2; УК-2.3; УК-3.1; УК-3.2; УК-3.3; ОПК-1.1; ОПК-1.2; ОПК-1.3; ОПК-2.1; ОПК-2.2; ОПК-3.1; ОПК-5.1.1; ОПК-5.1.2; ОПК-5.2.1; ОПК-5.2.2; ОПК-5.3.1; ОПК-5.3.2; ПК-1.1; ПК-1.2; ПК-2.1; ПК-2.2; ПК-3.1; ПК-3.2; ПК-4.1; ПК-4.2; ПК-5.1; ПК-5.2; ПК-5.3; ПК-6.1; ПК-6.2",3,,,,
,,,,,,{$},,,,,{$},,,,{$},,,,,{$},,,,{$},,,,,{$},,,,{$},,,,,{$},,,,,,,,,{$},,,,,,,
,,,,,,{$},,,,,{$},,,,{$},,,,,{$},,,,{$},,,,,{$},,,,{$},,,,,{$},,,,,,,,,{$},,,,,,,
,,,,,,{$},,,,,{$},,,,{$},,,,,{$},,,,{$},,,,,{$},,,,{$},,,,,{$},,,,,,,,,{$},,,,,,,
,,,,,,{$},,,,,{$},,,,{$},,,,,{$},,,,{$},,,,,{$},,,,{$},,,,,{$},,,,,,,,,{$},,,,,,,
,,,,,,{$},,,,,{$},,,,{$},,,,,{$},,,,{$},,,,,{$},,,,{$},,,,,{$},,,,,,,,,{$},,,,,,,
,,,,,,{$},,,,,{$},,,,{$},,,,,{$},,,,{$},,,,,{$},,,,{$},,,,,{$},,,,,,,,,{$},,,,,,,
,,,,,,{$},,,,,{$},,,,{$},,,,,{$},,,,{$},,,,,{$},,,,{$},,,,,{$},,,,,,,,,{$},,,,,,,
,,,,,,{$},,,,,{$},,,,{$},,,,,{$},,,,{$},,,,,{$},,,,{$},,,,,{$},,,,,,,,,{$},,,,,,,
,,,,,,{$},,,,,{$},,,,{$},,,,,{$},,,,{$},,,,,{$},,,,{$},,,,,{$},,,,,,,,,{$},,,,,,,
29,,,,,,{$},,,,,{$},,,,{$},,"Б2.В.01(У)
Учебно-лабораторный практикум
[За]
УК-1.1; УК-1.2; УК-1.3; УК-2.1; УК-2.2; УК-2.3; ПК-1.1; ПК-1.2; ПК-2.1; ПК-2.2",3,,{$},,,,{$},,,,,{$},,,,{$},,,,,{$},,"Б1.В.01
Анализ систем обеспечения информационной безопасности объектов информатизации
[За]
ПК-2.1; ПК-2.2; ПК-4.1; ПК-4.2; ПК-5.1; ПК-5.3",4,,,,,,{$},,,,,,,
,,,,,,{$},,,,,{$},,,,{$},,,,,{$},,,,{$},,,,,{$},,,,{$},,,,,{$},,,,,,,,,{$},,,,,,,
,,,,,,{$},,,,,{$},,,,{$},,,,,{$},,,,{$},,,,,{$},,,,{$},,,,,{$},,,,,,,,,{$},,,,,,,
,,,,,,{$},,,,,{$},,,,{$},,,,,{$},,,,{$},,,,,{$},,,,{$},,,,,{$},,,,,,,,,{$},,,,,,,
,,,,,,{$},,,,,{$},,,,{$},,,,,{$},,,,{$},,,,,{$},,,,{$},,,,,{$},,,,,,,,,{$},,,,,,,
,,,,,,{$},,,,,{$},,,,{$},,,,,{$},,"Б1.В.03
Английский язык для профессиональных целей
[За]
УК-4.1; УК-4.2; УК-4.3",2,{$},,,,,{$},,,,{$},,,,,{$},,,,,,,,,{$},,,,,,,
,,,,,,{$},,,,,{$},,,,{$},,,,,{$},,,,{$},,,,,{$},,,,{$},,,,,{$},,,,,,,,,{$},,,,,,,
,,,,,,{$},,,,,{$},,,,{$},,,,,{$},,,,{$},,,,,{$},,,,{$},,,,,{$},,,,,,,,,{$},,,,,,,
,,,,,,{$},,,,,{$},,,,{$},,,,,{$},,,,{$},,,,,{$},,,,{$},,,,,{$},,,,,,,,,{$},,,,,,,
,,,,,,{$},,,,,{$},,,,{$},,,,,{$},,,,{$},,,,,{$},,,,{$},,,,,{$},,,,,,,,,{$},,,,,,,
30,,,,,,{$},,,,,,,,,{$},,,,,{$},,,,{$},,,,,{$},,"Б2.О.02(П)
Научно-исследовательская работа. Часть 1
[За]
ОПК-3.1; ОПК-5.1.1; ОПК-5.1.2; ОПК-5.2.1; ОПК-5.2.2; ОПК-5.3.1; ОПК-5.3.2",1,{$},,,,,{$},,,,,,,,,{$},,,,,,,
,,,,,,{$},,,,,,,,,{$},,,,,{$},,,,{$},,,,,{$},,,,{$},,,,,{$},,,,,,,,,{$},,,,,,,
,,,,,,{$},,,,,,,,,{$},,,,,{$},,,,{$},,,,,{$},,,,{$},,,,,{$},,,,,,,,,{$},,,,,,,
,,,,,,{$},,,,,,,,,{$},,,,,{$},,,,{$},,,,,{$},,,,{$},,,,,{$},,,,,,,,,{$},,,,,,,
,,,,,,{$},,,,,,,,,{$},,,,,{$},,,,{$},,,,,{$},,,,{$},,,,,{$},,,,,,,,,{$},,,,,,,
,,,,,,{$},,,,,,,,,{$},,,,,{$},,,,,,,,,{$},,,,{$},,,,,{$},,,,,,,,,{$},,,,,,,
,,,,,,{$},,,,,,,,,{$},,,,,{$},,,,,,,,,{$},,,,{$},,,,,{$},,,,,,,,,{$},,,,,,,
,,,,,,{$},,,,,,,,,{$},,,,,{$},,,,,,,,,{$},,,,{$},,,,,{$},,,,,,,,,{$},,,,,,,
,,,,,,{$},,,,,,,,,{$},,,,,{$},,,,,,,,,{$},,,,{$},,,,,{$},,,,,,,,,{$},,,,,,,
,,,,,,{$},,,,,,,,,{$},,,,,{$},,,,,,,,,{$},,,,{$},,,,,{$},,,,,,,,,{$},,,,,,,
31,,,,,,{$},,,,,,,,,{$},,,,,{$},,,,,,,,,,,,,{$},,"ФТД.01
Основы стеганографии
[За]
ОПК-8.1; ОПК-10.1",2,,{$},,,,,,,,,,,,,,,,
,,,,,,{$},,,,,,,,,{$},,,,,{$},,,,,,,,,,,,,{$},,,,,{$},,,,,,,,,,,,,,,,
,,,,,,{$},,,,,,,,,{$},,,,,{$},,,,,,,,,,,,,{$},,,,,{$},,,,,,,,,,,,,,,,
,,,,,,{$},,,,,,,,,{$},,,,,{$},,,,,,,,,,,,,{$},,,,,{$},,,,,,,,,,,,,,,,
,,,,,,{$},,,,,,,,,{$},,,,,{$},,,,,,,,,,,,,{$},,,,,{$},,,,,,,,,,,,,,,,
,,,,,,{$},,"Б2.О.01(У)
Ознакомительная практика
[За]
УК-1.1; УК-1.2; УК-1.3; УК-2.1; УК-2.2; УК-2.3; ОПК-1.1; ОПК-1.2; ОПК-1.3; ОПК-2.1; ОПК-2.2; ОПК-7.1; ОПК-7.2; ОПК-7.3",3,,,,,,{$},,,,,{$},,"ФТД.02
Цифровая обработка сигналов
[За]
ОПК-8.1",2,,,,,,,,,,{$},,,,,{$},,,,,,,,,,,,,,,,
,,,,,,{$},,,,,,,,,{$},,,,,{$},,,,,,,,,,,,,{$},,,,,{$},,,,,,,,,,,,,,,,
,,,,,,{$},,,,,,,,,{$},,,,,{$},,,,,,,,,,,,,{$},,,,,{$},,,,,,,,,,,,,,,,
,,,,,,{$},,,,,,,,,{$},,,,,{$},,,,,,,,,,,,,{$},,,,,{$},,,,,,,,,,,,,,,,
,,,,,,{$},,,,,,,,,{$},,,,,{$},,,,,,,,,,,,,{$},,,,,{$},,,,,,,,,,,,,,,,
32,,,,,,{$},,,,,,,,,,,,,,{$},,,,,,,,,,,,,{$},,,,,{$},,,,,,,,,,,,,,,,
,,,,,,{$},,,,,,,,,,,,,,{$},,,,,,,,,,,,,{$},,,,,{$},,,,,,,,,,,,,,,,
,,,,,,{$},,,,,,,,,,,,,,{$},,,,,,,,,,,,,{$},,,,,{$},,,,,,,,,,,,,,,,
,,,,,,{$},,,,,,,,,,,,,,{$},,,,,,,,,,,,,{$},,,,,{$},,,,,,,,,,,,,,,,
,,,,,,{$},,,,,,,,,,,,,,{$},,,,,,,,,,,,,{$},,,,,{$},,,,,,,,,,,,,,,,
,,,,,,{$},,,,,,,,,,,,,,{$},,,,,,,,,,,,,{$},,,,,{$},,,,,,,,,,,,,,,,
,,,,,,{$},,,,,,,,,,,,,,{$},,,,,,,,,,,,,{$},,,,,{$},,,,,,,,,,,,,,,,
,,,,,,{$},,,,,,,,,,,,,,{$},,,,,,,,,,,,,{$},,,,,{$},,,,,,,,,,,,,,,,
,,,,,,{$},,,,,,,,,,,,,,{$},,,,,,,,,,,,,{$},,,,,{$},,,,,,,,,,,,,,,,
,,,,,,{$},,,,,,,,,,,,,,{$},,,,,,,,,,,,,{$},,,,,{$},,,,,,,,,,,,,,,,
33,,,,,,{$},,,,,,,,,,,,,,{$},,,,,,,,,,,,,,,,,,{$},,"Б2.О.02(П)
Научно-исследовательская работа. Часть 1
[За]
ОПК-3.1; ОПК-5.1.1; ОПК-5.1.2; ОПК-5.2.1; ОПК-5.2.2; ОПК-5.3.1; ОПК-5.3.2",2,,,,,,,,,,,,,
,,,,,,{$},,,,,,,,,,,,,,{$},,,,,,,,,,,,,,,,,,{$},,,,,,,,,,,,,,,,
,,,,,,{$},,,,,,,,,,,,,,{$},,,,,,,,,,,,,,,,,,{$},,,,,,,,,,,,,,,,
,,,,,,{$},,,,,,,,,,,,,,{$},,,,,,,,,,,,,,,,,,{$},,,,,,,,,,,,,,,,
,,,,,,{$},,,,,,,,,,,,,,{$},,,,,,,,,,,,,,,,,,{$},,,,,,,,,,,,,,,,
,,,,,,{$},,,,,,,,,,,,,,,,,,,,,,,,,,,,,,,,{$},,,,,,,,,,,,,,,,
,,,,,,{$},,,,,,,,,,,,,,,,,,,,,,,,,,,,,,,,{$},,,,,,,,,,,,,,,,
,,,,,,{$},,,,,,,,,,,,,,,,,,,,,,,,,,,,,,,,{$},,,,,,,,,,,,,,,,
,,,,,,{$},,,,,,,,,,,,,,,,,,,,,,,,,,,,,,,,{$},,,,,,,,,,,,,,,,
,,,,,,{$},,,,,,,,,,,,,,,,,,,,,,,,,,,,,,,,{$},,,,,,,,,,,,,,,,
34,,,,,,{$},,,,,,,,,,,,,,,,,,,,,,,,,,,,,,,,{$},,,,,,,,,,,,,,,,
,,,,,,{$},,,,,,,,,,,,,,,,,,,,,,,,,,,,,,,,{$},,,,,,,,,,,,,,,,
,,,,,,{$},,,,,,,,,,,,,,,,,,,,,,,,,,,,,,,,{$},,,,,,,,,,,,,,,,
,,,,,,{$},,,,,,,,,,,,,,,,,,,,,,,,,,,,,,,,{$},,,,,,,,,,,,,,,,
,,,,,,{$},,,,,,,,,,,,,,,,,,,,,,,,,,,,,,,,{$},,,,,,,,,,,,,,,,
,,,,,,,,,,,,,,,,,,,,,,,,,,,,,,,,,,,,,,{$},,,,,,,,,,,,,,,,
,,,,,,,,,,,,,,,,,,,,,,,,,,,,,,,,,,,,,,{$},,,,,,,,,,,,,,,,
,,,,,,,,,,,,,,,,,,,,,,,,,,,,,,,,,,,,,,{$},,,,,,,,,,,,,,,,
,,,,,,,,,,,,,,,,,,,,,,,,,,,,,,,,,,,,,,{$},,,,,,,,,,,,,,,,
,,,,,,,,,,,,,,,,,,,,,,,,,,,,,,,,,,,,,,{$},,,,,,,,,,,,,,,,
