Индекс,,,Содержание,Тип
УК-1,,,"Способен осуществлять критический анализ проблемных ситуаций на основе системного подхода, вырабатывать стратегию действий",УК
,УК-1.1,,Осуществляет критический анализ проблемных ситуаций,-
,,Б1.О.01,Философия,
,,Б1.О.50,Основы управленческой деятельности,
,,Б1.О.53,Акмеология,
,,Б2.О.01(У),Ознакомительная практика,
,,Б2.В.01(У),Учебно-лабораторный практикум,
,,Б3.01(Д),Подготовка к процедуре защиты и защита выпускной квалификационной работы,
,,Б3.02(Г),Подготовка к сдаче и сдача государственного экзамена,
,УК-1.2,,Применяет системный подход для анализа проблемных ситуаций,-
,,Б1.О.01,Философия,
,,Б1.О.50,Основы управленческой деятельности,
,,Б1.О.53,Акмеология,
,,Б2.О.01(У),Ознакомительная практика,
,,Б2.В.01(У),Учебно-лабораторный практикум,
,,Б3.01(Д),Подготовка к процедуре защиты и защита выпускной квалификационной работы,
,,Б3.02(Г),Подготовка к сдаче и сдача государственного экзамена,
,УК-1.3,,Вырабатывает стратегию действий,-
,,Б1.О.01,Философия,
,,Б1.О.50,Основы управленческой деятельности,
,,Б1.О.53,Акмеология,
,,Б2.О.01(У),Ознакомительная практика,
,,Б2.В.01(У),Учебно-лабораторный практикум,
,,Б3.01(Д),Подготовка к процедуре защиты и защита выпускной квалификационной работы,
,,Б3.02(Г),Подготовка к сдаче и сдача государственного экзамена,
УК-2,,,Способен управлять проектом на всех этапах его жизненного цикла,УК
,УК-2.1,,"Способен отбирать и разрабатывать проектные инициативы с учетом временных и ресурсных ограничений, а также интересов стейкхолдеров",-
,,Б1.О.50,Основы управленческой деятельности,
,,Б2.О.01(У),Ознакомительная практика,
,,Б2.В.01(У),Учебно-лабораторный практикум,
,,Б3.01(Д),Подготовка к процедуре защиты и защита выпускной квалификационной работы,
,,Б3.02(Г),Подготовка к сдаче и сдача государственного экзамена,
,УК-2.2,,Способен оценивать эффективность проектных инициатив в условиях неопределенности,-
,,Б1.О.50,Основы управленческой деятельности,
,,Б2.О.01(У),Ознакомительная практика,
,,Б2.В.01(У),Учебно-лабораторный практикум,
,,Б3.01(Д),Подготовка к процедуре защиты и защита выпускной квалификационной работы,
,,Б3.02(Г),Подготовка к сдаче и сдача государственного экзамена,
,УК-2.3,,"Способен выбирать релевантные инструменты и методы управления реализацией проекта, в том числе обеспечения контроля за ходом работ и налаживания командной работы",-
,,Б1.О.17,Правоведение,
,,Б1.О.50,Основы управленческой деятельности,
,,Б2.О.01(У),Ознакомительная практика,
,,Б2.В.01(У),Учебно-лабораторный практикум,
,,Б3.01(Д),Подготовка к процедуре защиты и защита выпускной квалификационной работы,
,,Б3.02(Г),Подготовка к сдаче и сдача государственного экзамена,
УК-3,,,"Способен организовывать и руководить работой команды, вырабатывая командную стратегию для достижения поставленной цели",УК
,УК-3.1,,Организует отбор членов команды для достижения поставленной цели,-
,,Б1.О.18,Личностное развитие и командообразование,
,,Б1.О.50,Основы управленческой деятельности,
,,Б3.01(Д),Подготовка к процедуре защиты и защита выпускной квалификационной работы,
,,Б3.02(Г),Подготовка к сдаче и сдача государственного экзамена,
,УК-3.2,,Вырабатывает командную стратегию для достижения поставленной цели и руководит,-
,,Б1.О.18,Личностное развитие и командообразование,
,,Б1.О.50,Основы управленческой деятельности,
,,Б3.01(Д),Подготовка к процедуре защиты и защита выпускной квалификационной работы,
,,Б3.02(Г),Подготовка к сдаче и сдача государственного экзамена,
,УК-3.3,,Разрешает конфликты и противоречия при деловом общении на основе учета интересов всех сторон,-
,,Б1.О.18,Личностное развитие и командообразование,
,,Б1.О.50,Основы управленческой деятельности,
,,Б3.01(Д),Подготовка к процедуре защиты и защита выпускной квалификационной работы,
,,Б3.02(Г),Подготовка к сдаче и сдача государственного экзамена,
УК-4,,,"Способен применять современные коммуникативные технологии, в том числе на иностранном(ых) языке(ах), для академического и профессионального взаимодействия",УК
,УК-4.1,,"Выбирает на государственном и иностранном языке коммуникативно приемлемый стиль делового общения, вербальные и невербальные средства взаимодействия с партнёрами",-
,,Б1.О.03,Иностранный язык,
,,Б1.О.19,Теория и практика эффективного речевого общения,
,,Б1.В.03,Английский язык для профессиональных целей,
,,Б3.01(Д),Подготовка к процедуре защиты и защита выпускной квалификационной работы,
,УК-4.2,,"Ведет деловую переписку, учитывая особенности стилистики официальных и неофициальных писем, социокультурные различия в формате корреспонденции на государственном и иностранном языке",-
,,Б1.О.03,Иностранный язык,
,,Б1.О.19,Теория и практика эффективного речевого общения,
,,Б1.В.03,Английский язык для профессиональных целей,
,,Б3.01(Д),Подготовка к процедуре защиты и защита выпускной квалификационной работы,
,УК-4.3,,"Демонстрирует интегративные умения использовать диалогическое общение для сотрудничества в академической и профессиональной коммуникации: внимательно слушая и пытаясь понять суть идей других, даже если они противоречат собственным воззрениям;  уважая высказывания других как в плане содержания, так и в плане формы; критикуя аргументировано и конструктивно, не задевая чувств других; адаптируя речь и язык жестов к ситуациям взаимодействия",-
,,Б1.О.03,Иностранный язык,
,,Б1.О.19,Теория и практика эффективного речевого общения,
,,Б1.В.03,Английский язык для профессиональных целей,
,,Б3.01(Д),Подготовка к процедуре защиты и защита выпускной квалификационной работы,
УК-5,,,Способен анализировать и учитывать разнообразие культур в процессе межкультурного взаимодействия,УК
,УК-5.1,,"Выявляет, сопоставляет, типологизирует своеобразие культур народов России и мира на основе знаний истории их возникновения и развития для разработки стратегии взаимодействия с представителями разных культурных традиций",-
,,Б1.О.02,"История (история России, всеобщая история)",
,,Б3.01(Д),Подготовка к процедуре защиты и защита выпускной квалификационной работы,
,УК-5.2,,Способен анализировать и учитывать разнообразие культур в современных процессах межкультурного взаимодействия,-
,,Б1.О.02,"История (история России, всеобщая история)",
,,Б3.01(Д),Подготовка к процедуре защиты и защита выпускной квалификационной работы,
УК-6,,,Способен определять и реализовывать приоритеты собственной деятельности и способы ее совершенствования на основе самооценки и образования в течение всей жизни,УК
,УК-6.1,,"Использует инструменты и методы управления временем при выполнении конкретных задач, проектов, при достижении поставленных целей",-
,,Б1.О.18,Личностное развитие и командообразование,
,,Б1.О.53,Акмеология,
,,Б3.01(Д),Подготовка к процедуре защиты и защита выпускной квалификационной работы,
,УК-6.2,,"Определяет задачи саморазвития и профессионального роста, распределяет их на долго-, средне- и краткосрочные с обоснованием актуальности и определением необходимых ресурсов для их выполнения",-
,,Б1.О.18,Личностное развитие и командообразование,
,,Б3.01(Д),Подготовка к процедуре защиты и защита выпускной квалификационной работы,
,УК-6.3,,Реализует и использует основные возможности и инструменты непрерывного образования для реализации собственных потребностей с учетом рынка труда,-
,,Б1.О.18,Личностное развитие и командообразование,
,,Б3.01(Д),Подготовка к процедуре защиты и защита выпускной квалификационной работы,
УК-7,,,Способен поддерживать должный уровень физической подготовленности для обеспечения полноценной социальной и профессиональной деятельности,УК
,УК-7.1,,Применяет теоретические знания и практические умения для поддержания должного уровня физической подготовленности в профессиональной деятельности,-
,,Б1.О.15,Физическая культура и спорт,
,,Б3.01(Д),Подготовка к процедуре защиты и защита выпускной квалификационной работы,
,УК-7.2,,Выбирает спортивные и здоровьесберегающие технологии для поддержания здорового образа жизни с учетом физиологических особенностей организма,-
,,Б1.О.16,Прикладная физическая культура и спорт,
,,Б3.01(Д),Подготовка к процедуре защиты и защита выпускной квалификационной работы,
,УК-7.3,,Использует разнообразные средства и методы физической культуры и спорта для поддержания должного уровня физической подготовленности в профессиональной деятельности,-
,,Б1.О.16,Прикладная физическая культура и спорт,
,,Б3.01(Д),Подготовка к процедуре защиты и защита выпускной квалификационной работы,
,УК-7.4,,Соблюдает и пропагандирует нормы здорового образа жизни в различных жизненных ситуациях и в профессиональной деятельности,-
,,Б1.О.15,Физическая культура и спорт,
,,Б3.01(Д),Подготовка к процедуре защиты и защита выпускной квалификационной работы,
УК-8,,,"Способен создавать и поддерживать в повседневной жизни и в профессиональной деятельности безопасные условия жизнедеятельности для сохранения природной среды, обеспечения устойчивого развития общества, в том числе при угрозе и возникновении чрезвычайных ситуаций и военных конфликтов",УК
,УК-8.1,,"Выявляет вероятные риски, определяет и оценивает опасные и вредные факторы влияющие на жизнедеятельность при возникновении чрезвычайных ситуаций природного, техногенного и социального происхождения",-
,,Б1.О.04,Безопасность жизнедеятельности,
,,Б3.01(Д),Подготовка к процедуре защиты и защита выпускной квалификационной работы,
,УК-8.2,,"Понимает общие принципы обеспечения безопасной жизнедеятельности, в том числе при возникновении угрозы чрезвычайных ситуаций и военных конфликтов",-
,,Б1.О.04,Безопасность жизнедеятельности,
,,Б3.01(Д),Подготовка к процедуре защиты и защита выпускной квалификационной работы,
,УК-8.3,,Выявляет факторы вредного влияния производственных процессов и осуществляет действия по минимизации и предотвращению техногенного воздействия на природную среду с целью обеспечения устойчивого развития,-
,,Б1.О.04,Безопасность жизнедеятельности,
,,Б3.01(Д),Подготовка к процедуре защиты и защита выпускной квалификационной работы,
УК-9,,,Способен принимать обоснованные экономические решения в различных областях жизнедеятельности,УК
,УК-9.1,,"Понимает базовые принципы функционирования экономики и экономического развития, цели и формы участия государства в экономике",-
,,Б1.О.20,Экономическая культура и финансовая грамотность,
,,Б3.01(Д),Подготовка к процедуре защиты и защита выпускной квалификационной работы,
,УК-9.2,,Применяет методы личного экономического и финансового планирования для достижения текущих и долгосрочных финансовых целей,-
,,Б1.О.20,Экономическая культура и финансовая грамотность,
,,Б3.01(Д),Подготовка к процедуре защиты и защита выпускной квалификационной работы,
,УК-9.3,,"Использует финансовые инструменты для управления личными финансами, контролирует собственные экономические и финансовые риски",-
,,Б1.О.20,Экономическая культура и финансовая грамотность,
,,Б3.01(Д),Подготовка к процедуре защиты и защита выпускной квалификационной работы,
УК-10,,,Способен формировать нетерпимое отношение к коррупционному поведению,УК
,УК-10.1,,"Понимает негативные последствия коррупции как угрозы национальной безопасности государства, а также основные принципы противодействия коррупции в Российской Федерации",-
,,Б1.О.17,Правоведение,
,,Б3.01(Д),Подготовка к процедуре защиты и защита выпускной квалификационной работы,
,УК-10.2,,"Демонстрирует нетерпимое отношение к коррупции, реализует меры антикоррупционной профилактики в повседневной жизни и профессиональной деятельности",-
,,Б1.О.17,Правоведение,
,,Б3.01(Д),Подготовка к процедуре защиты и защита выпускной квалификационной работы,
ОПК-1,,,"Способен оценивать роль информации, информационных технологий и информационной безопасности в современном обществе, их значение для обеспечения объективных потребностей личности, общества и государства;",ОПК
,ОПК-1.1,,"Понимает роль информации, информационных технологий и информационной безопасности в современном обществе",-
,,Б1.О.05,Основы информационной безопасности,
,,Б1.О.21,Введение в профессиональную деятельность,
,,Б1.О.38,Информатика,
,,Б1.О.39,Информационные технологии,
,,Б1.О.45,Теория информации,
,,Б2.О.01(У),Ознакомительная практика,
,,Б3.01(Д),Подготовка к процедуре защиты и защита выпускной квалификационной работы,
,,Б3.02(Г),Подготовка к сдаче и сдача государственного экзамена,
,ОПК-1.2,,"Понимает значение информационных технологий для обеспечения объективных потребностей личности, общества и государства",-
,,Б1.О.05,Основы информационной безопасности,
,,Б1.О.21,Введение в профессиональную деятельность,
,,Б1.О.38,Информатика,
,,Б1.О.39,Информационные технологии,
,,Б2.О.01(У),Ознакомительная практика,
,,Б3.01(Д),Подготовка к процедуре защиты и защита выпускной квалификационной работы,
,,Б3.02(Г),Подготовка к сдаче и сдача государственного экзамена,
,ОПК-1.3,,"Понимает значение информационной безопасности для обеспечения объективных потребностей личности, общества и государства",-
,,Б1.О.05,Основы информационной безопасности,
,,Б1.О.21,Введение в профессиональную деятельность,
,,Б1.О.38,Информатика,
,,Б1.О.39,Информационные технологии,
,,Б2.О.01(У),Ознакомительная практика,
,,Б3.01(Д),Подготовка к процедуре защиты и защита выпускной квалификационной работы,
,,Б3.02(Г),Подготовка к сдаче и сдача государственного экзамена,
ОПК-2,,,"Способен применять программные средства системного и прикладного назначений, в том числе отечественного производства, для решения задач профессиональной деятельности;",ОПК
,ОПК-2.1,,Способен применять программные средства системного назначения для решения задач профессиональной деятельности,-
,,Б1.О.09,Сети и системы передачи информации,
,,Б1.О.13,Операционные системы,
,,Б1.О.51,Компьютерные сети,
,,Б2.О.01(У),Ознакомительная практика,
,,Б3.01(Д),Подготовка к процедуре защиты и защита выпускной квалификационной работы,
,,Б3.02(Г),Подготовка к сдаче и сдача государственного экзамена,
,ОПК-2.2,,Способен применять программные средства прикладного назначения для решения задач профессиональной деятельности,-
,,Б1.О.09,Сети и системы передачи информации,
,,Б1.О.13,Операционные системы,
,,Б1.О.51,Компьютерные сети,
,,Б2.О.01(У),Ознакомительная практика,
,,Б3.01(Д),Подготовка к процедуре защиты и защита выпускной квалификационной работы,
,,Б3.02(Г),Подготовка к сдаче и сдача государственного экзамена,
ОПК-3,,,"Способен использовать математические методы, необходимые для решения задач профессиональной деятельности;",ОПК
,ОПК-3.1,,"Разрабатывает, обосновывает и реализовывает процедуры решения задач профессиональной деятельности на основании математических методов",-
,,Б1.О.23,Алгебра,
,,Б1.О.24,Аналитическая геометрия,
,,Б1.О.25,Дополнительные главы алгебры,
,,Б1.О.26,Математический анализ,
,,Б1.О.27,Дополнительные главы математического анализа,
,,Б1.О.28,Дискретная математика,
,,Б1.О.29,Математическая логика и теория алгоритмов,
,,Б1.О.30,Теория вероятностей и математическая статистика,
,,Б1.О.31,Дифференциальные уравнения,
,,Б1.О.32,Теория функций комплексного переменного,
,,Б1.О.33,Численные методы,
,,Б1.О.34,Исследование операций,
,,Б1.О.46,Теоретико-числовые методы в криптографии,
,,Б2.О.02(П),Научно-исследовательская работа. Часть 1,
,,Б2.О.03(П),Научно-исследовательская работа. Часть 2,
,,Б3.01(Д),Подготовка к процедуре защиты и защита выпускной квалификационной работы,
,,Б3.02(Г),Подготовка к сдаче и сдача государственного экзамена,
ОПК-4,,,"Способен анализировать физическую сущность явлений и процессов, лежащих в основе функционирования микроэлектронной техники, применять основные физические законы и модели для решения задач профессиональной деятельности;",ОПК
,ОПК-4.1,,Применяет основные физические законы и модели для решения задач профессиональной деятельности,-
,,Б1.О.35,Физика,
,,Б3.01(Д),Подготовка к процедуре защиты и защита выпускной квалификационной работы,
,ОПК-4.2,,"Владеет методами анализа физической сущности явлений и процессов, лежащих в основе функционирования микроэлектронной техники",-
,,Б1.О.37,Электроника и схемотехника,
,,Б3.01(Д),Подготовка к процедуре защиты и защита выпускной квалификационной работы,
ОПК-5,,,"Способен применять нормативные правовые акты, нормативные и методические документы, регламентирующие деятельность по защите информации;",ОПК
,ОПК-5.1,,"Применяет документы, регламентирующие деятельность по защите информации",-
,,Б1.О.05,Основы информационной безопасности,
,,Б1.О.06,Организационное и правовое обеспечение информационной безопасности,
,,Б3.01(Д),Подготовка к процедуре защиты и защита выпускной квалификационной работы,
,ОПК-5.2,,"Способен выбирать действующие нормативные правовые акты, нормативные и методические документы в рамках поставленных задач",-
,,Б1.О.05,Основы информационной безопасности,
,,Б1.О.06,Организационное и правовое обеспечение информационной безопасности,
,,Б3.01(Д),Подготовка к процедуре защиты и защита выпускной квалификационной работы,
ОПК-6,,,"Способен при решении профессиональных задач организовывать защиту информации ограниченного доступа в автоматизированных системах в соответствии с нормативными правовыми актами, нормативными и методическими документами Федеральной службы безопасности Российской Федерации, Федеральной службы по техническому и экспортному контролю;",ОПК
,ОПК-6.1,,Организовывает защиту информации ограниченного доступа в автоматизированных системах при решении профессиональных задач,-
,,Б1.О.07,Защита информации от утечки по техническим каналам,
,,Б1.О.52,Комплексная защита информации,
,,Б3.01(Д),Подготовка к процедуре защиты и защита выпускной квалификационной работы,
,ОПК-6.2,,"Способен выбирать действующие нормативные правовые акты и нормативные   методические документы Федеральной службы безопасности Российской Федерации, Федеральной службы по техническому и экспортному контролю при решении профессиональных задач",-
,,Б1.О.07,Защита информации от утечки по техническим каналам,
,,Б1.О.52,Комплексная защита информации,
,,Б3.01(Д),Подготовка к процедуре защиты и защита выпускной квалификационной работы,
ОПК-7,,,"Способен создавать программы на языках общего назначения, применять методы и инструментальные средства программирования для решения профессиональных задач, осуществлять обоснованный выбор инструментария программирования и способов организации программ;",ОПК
,ОПК-7.1,,Применяет методы и инструментальные средства программирования для решения профессиональных задач,-
,,Б1.О.41,Языки программирования,
,,Б1.О.42,Языки программирования. Дополнительные разделы,
,,Б1.О.43,Технологии и методы программирования,
,,Б1.О.44,Параллельное программирование,
,,Б2.О.01(У),Ознакомительная практика,
,,Б3.01(Д),Подготовка к процедуре защиты и защита выпускной квалификационной работы,
,ОПК-7.2,,Осуществляет обоснованный выбор инструментария программирования и способов организации программ для решения профессиональных задач,-
,,Б1.О.41,Языки программирования,
,,Б1.О.42,Языки программирования. Дополнительные разделы,
,,Б1.О.43,Технологии и методы программирования,
,,Б1.О.44,Параллельное программирование,
,,Б2.О.01(У),Ознакомительная практика,
,,Б3.01(Д),Подготовка к процедуре защиты и защита выпускной квалификационной работы,
,ОПК-7.3,,Владеет языками программирования высокого и низкого уровня,-
,,Б1.О.41,Языки программирования,
,,Б1.О.42,Языки программирования. Дополнительные разделы,
,,Б1.О.43,Технологии и методы программирования,
,,Б1.О.44,Параллельное программирование,
,,Б2.О.01(У),Ознакомительная практика,
,,Б3.01(Д),Подготовка к процедуре защиты и защита выпускной квалификационной работы,
ОПК-8,,,Способен применять методы научных исследований при проведении разработок в области защиты информации в автоматизированных системах;,ОПК
,ОПК-8.1,,Применяет методы научных исследований при проведении разработок в области обеспечения безопасности автоматизированных систем,-
,,Б1.О.12,Разработка и эксплуатация автоматизированных систем в защищённом исполнении,
,,Б1.О.49,Основы научных исследований,
,,Б3.01(Д),Подготовка к процедуре защиты и защита выпускной квалификационной работы,
,,ФТД.01,Основы стеганографии,
,,ФТД.02,Цифровая обработка сигналов,
ОПК-9,,,"Способен решать задачи профессиональной деятельности с учетом текущего состояния и тенденций развития информационных технологий, средств технической защиты информации, сетей и систем передачи информации;",ОПК
,ОПК-9.1,,Решает задачи профессиональной деятельности с учетом текущего состояния и тенденций развития информационных технологий,-
,,Б1.О.07,Защита информации от утечки по техническим каналам,
,,Б1.О.39,Информационные технологии,
,,Б3.01(Д),Подготовка к процедуре защиты и защита выпускной квалификационной работы,
,ОПК-9.2,,Имеет представление о текущем состоянии и тенденциях развития средств технической защиты информации,-
,,Б1.О.07,Защита информации от утечки по техническим каналам,
,,Б3.01(Д),Подготовка к процедуре защиты и защита выпускной квалификационной работы,
,ОПК-9.3,,Имеет представление о текущем состоянии и тенденциях развития методов защиты сетей и систем передачи информации,-
,,Б1.О.09,Сети и системы передачи информации,
,,Б3.01(Д),Подготовка к процедуре защиты и защита выпускной квалификационной работы,
ОПК-10,,,Способен использовать средства криптографической защиты информации при решении задач профессиональной деятельности;,ОПК
,ОПК-10.1,,Анализирует тенденции развития методов и средств криптографической защиты информации,-
,,Б1.О.08,Методы и средства криптографической защиты информации,
,,Б1.О.14,Криптографические протоколы,
,,Б3.01(Д),Подготовка к процедуре защиты и защита выпускной квалификационной работы,
,,ФТД.01,Основы стеганографии,
,ОПК-10.2,,Использует средства криптографической защиты информации при решении задач профессиональной деятельности,-
,,Б1.О.08,Методы и средства криптографической защиты информации,
,,Б1.О.14,Криптографические протоколы,
,,Б3.01(Д),Подготовка к процедуре защиты и защита выпускной квалификационной работы,
ОПК-11,,,Способен разрабатывать компоненты систем защиты информации автоматизированных систем;,ОПК
,ОПК-11.1,,"Участвует в разработке политики безопасности, политики управления доступом и информационными потоками в автоматизированных системах",-
,,Б1.О.12,Разработка и эксплуатация автоматизированных систем в защищённом исполнении,
,,Б3.01(Д),Подготовка к процедуре защиты и защита выпускной квалификационной работы,
,ОПК-11.2,,Способен учесть угрозы безопасности информации и требования по защите информации,-
,,Б1.О.12,Разработка и эксплуатация автоматизированных систем в защищённом исполнении,
,,Б3.01(Д),Подготовка к процедуре защиты и защита выпускной квалификационной работы,
ОПК-12,,,"Способен применять знания в области безопасности вычислительных сетей, операционных систем и баз данных при разработке автоматизированных систем;",ОПК
,ОПК-12.1,,Владеет методами администрирования вычислительных  сетей и контроля корректности их функционирования,-
,,Б1.О.47,Основы построения защищённых компьютерных сетей,
,,Б1.О.51,Компьютерные сети,
,,Б3.01(Д),Подготовка к процедуре защиты и защита выпускной квалификационной работы,
,ОПК-12.2,,Администрирует операционные системы в зазищенном исполнении,-
,,Б1.О.13,Операционные системы,
,,Б1.О.22,Защита в операционных системах,
,,Б3.01(Д),Подготовка к процедуре защиты и защита выпускной квалификационной работы,
,ОПК-12.3,,Участвует в проектировании баз данных,-
,,Б1.О.36,Системы управления базами данных,
,,Б3.01(Д),Подготовка к процедуре защиты и защита выпускной квалификационной работы,
ОПК-13,,,"Способен организовывать и проводить диагностику и тестирование систем защиты информации автоматизированных систем, проводить анализ уязвимостей систем защиты информации автоматизированных систем;",ОПК
,ОПК-13.1,,Участвует в разработке компонентов программных и программно-аппаратных средств защиты информации в автоматизированных системах,-
,,Б1.О.10,Программно-аппаратные средства защиты информации,
,,Б1.О.40,Аппаратные средства вычислительной техники,
,,Б3.01(Д),Подготовка к процедуре защиты и защита выпускной квалификационной работы,
,ОПК-13.2,,Способен проводить анализ  безопасности информации в автоматизированных системах,-
,,Б1.О.11,Управление информационной безопасностью,
,,Б3.01(Д),Подготовка к процедуре защиты и защита выпускной квалификационной работы,
ОПК-14,,,"Способен осуществлять разработку, внедрение и эксплуатацию автоматизированных систем с учетом требований по защите информации, проводить подготовку исходных данных для технико-экономического обоснования проектных решений;",ОПК
,ОПК-14.1,,Участвует в разработке и внедрению в эксплуатацию  автоматизированных систем,-
,,Б1.О.12,Разработка и эксплуатация автоматизированных систем в защищённом исполнении,
,,Б3.01(Д),Подготовка к процедуре защиты и защита выпускной квалификационной работы,
,ОПК-14.2,,Способен проводить подготовку исходных данных для технико-экономического обоснования проектных решений,-
,,Б1.О.12,Разработка и эксплуатация автоматизированных систем в защищённом исполнении,
,,Б3.01(Д),Подготовка к процедуре защиты и защита выпускной квалификационной работы,
ОПК-15,,,"Способен осуществлять администрирование и контроль функционирования средств и систем защиты информации автоматизированных систем, инструментальный мониторинг защищенности автоматизированных систем;",ОПК
,ОПК-15.1,,Владеет методами администрирования и контроля функционирования автоматизированных систем,-
,,Б1.О.10,Программно-аппаратные средства защиты информации,
,,Б1.О.11,Управление информационной безопасностью,
,,Б3.01(Д),Подготовка к процедуре защиты и защита выпускной квалификационной работы,
,ОПК-15.2,,Способен проводить инструментальный мониторинг защищенности автоматизированных систем,-
,,Б1.О.10,Программно-аппаратные средства защиты информации,
,,Б1.О.11,Управление информационной безопасностью,
,,Б3.01(Д),Подготовка к процедуре защиты и защита выпускной квалификационной работы,
ОПК-16,,,"Способен анализировать основные этапы и закономерности исторического развития России, ее место и роль в контексте всеобщей истории, в том числе для формирования гражданской позиции и развития патриотизма.",ОПК
,ОПК-16.1,,"Имеет представление об  основных этапах и закономерностях исторического развития России, ее месте и роли в контексте всеобщей истории, в том числе, для формирования гражданской позиции и развития патриотизма",-
,,Б1.О.02,"История (история России, всеобщая история)",
,,Б3.01(Д),Подготовка к процедуре защиты и защита выпускной квалификационной работы,
ОПК-5.1,,,Способен разрабатывать и реализовывать политику информационной безопасности открытых информационных систем;,-
,ОПК-5.1.1,,Участвует в разработке политики информационной безопасности открытых информационных систем,-
,,Б1.О.11,Управление информационной безопасностью,
,,Б1.О.12,Разработка и эксплуатация автоматизированных систем в защищённом исполнении,
,,Б1.О.48,Открытые информационные системы,
,,Б1.О.52,Комплексная защита информации,
,,Б2.О.02(П),Научно-исследовательская работа. Часть 1,
,,Б2.О.03(П),Научно-исследовательская работа. Часть 2,
,,Б3.01(Д),Подготовка к процедуре защиты и защита выпускной квалификационной работы,
,,Б3.02(Г),Подготовка к сдаче и сдача государственного экзамена,
,ОПК-5.1.2,,Имеет представление о способах реализации политики информационной безопасности открытых информационных систем,-
,,Б1.О.11,Управление информационной безопасностью,
,,Б1.О.12,Разработка и эксплуатация автоматизированных систем в защищённом исполнении,
,,Б1.О.48,Открытые информационные системы,
,,Б1.О.52,Комплексная защита информации,
,,Б2.О.02(П),Научно-исследовательская работа. Часть 1,
,,Б2.О.03(П),Научно-исследовательская работа. Часть 2,
,,Б3.01(Д),Подготовка к процедуре защиты и защита выпускной квалификационной работы,
,,Б3.02(Г),Подготовка к сдаче и сдача государственного экзамена,
ОПК-5.2,,,Способен разрабатывать и эксплуатировать системы защиты информации открытых информационных систем;,-
,ОПК-5.2.1,,Участвует в разработке системы защиты информации открытых информационных систем,-
,,Б1.О.12,Разработка и эксплуатация автоматизированных систем в защищённом исполнении,
,,Б1.О.48,Открытые информационные системы,
,,Б1.О.52,Комплексная защита информации,
,,Б2.О.02(П),Научно-исследовательская работа. Часть 1,
,,Б2.О.03(П),Научно-исследовательская работа. Часть 2,
,,Б3.01(Д),Подготовка к процедуре защиты и защита выпускной квалификационной работы,
,,Б3.02(Г),Подготовка к сдаче и сдача государственного экзамена,
,ОПК-5.2.2,,Имеет представление о способах эксплуатации систем защиты информации открытых информационных систем,-
,,Б1.О.12,Разработка и эксплуатация автоматизированных систем в защищённом исполнении,
,,Б1.О.48,Открытые информационные системы,
,,Б1.О.52,Комплексная защита информации,
,,Б2.О.02(П),Научно-исследовательская работа. Часть 1,
,,Б2.О.03(П),Научно-исследовательская работа. Часть 2,
,,Б3.01(Д),Подготовка к процедуре защиты и защита выпускной квалификационной работы,
,,Б3.02(Г),Подготовка к сдаче и сдача государственного экзамена,
ОПК-5.3,,,Способен осуществлять контроль обеспечения информационной безопасности и проводить верификацию данных в открытых информационных системах;,-
,ОПК-5.3.1,,Способен осуществлять контроль обеспечения информационной безопасности в открытых информационных системах,-
,,Б1.О.12,Разработка и эксплуатация автоматизированных систем в защищённом исполнении,
,,Б1.О.48,Открытые информационные системы,
,,Б1.О.52,Комплексная защита информации,
,,Б2.О.02(П),Научно-исследовательская работа. Часть 1,
,,Б2.О.03(П),Научно-исследовательская работа. Часть 2,
,,Б3.01(Д),Подготовка к процедуре защиты и защита выпускной квалификационной работы,
,,Б3.02(Г),Подготовка к сдаче и сдача государственного экзамена,
,ОПК-5.3.2,,Способен проводить верификацию данных в открытых информационных системах,-
,,Б1.О.12,Разработка и эксплуатация автоматизированных систем в защищённом исполнении,
,,Б1.О.48,Открытые информационные системы,
,,Б1.О.52,Комплексная защита информации,
,,Б2.О.02(П),Научно-исследовательская работа. Часть 1,
,,Б2.О.03(П),Научно-исследовательская работа. Часть 2,
,,Б3.01(Д),Подготовка к процедуре защиты и защита выпускной квалификационной работы,
,,Б3.02(Г),Подготовка к сдаче и сдача государственного экзамена,
ПК-1,,,Способен разрабатывать модели угроз и модели нарушителя информационной безопасности автоматизированной системы,-
,ПК-1.1,,Участвует в разработке модели угроз и нарушителя  информационной безопасности автоматизированной системы,-
,,Б1.В.02,Междисциплинарный курсовой проект,
,,Б1.В.04,Защита программ и данных,
,,Б1.В.ДВ.01.02,Конечные поля и многочлены над ними,
,,Б2.В.01(У),Учебно-лабораторный практикум,
,,Б2.В.02(П),Эксплуатационная практика,
,,Б2.В.03(П),Преддипломная практика,
,,Б3.01(Д),Подготовка к процедуре защиты и защита выпускной квалификационной работы,
,,Б3.02(Г),Подготовка к сдаче и сдача государственного экзамена,
,ПК-1.2,,Имеет представление о принципах построения автоматизированных систем,-
,,Б1.В.02,Междисциплинарный курсовой проект,
,,Б1.В.04,Защита программ и данных,
,,Б2.В.01(У),Учебно-лабораторный практикум,
,,Б2.В.02(П),Эксплуатационная практика,
,,Б2.В.03(П),Преддипломная практика,
,,Б3.01(Д),Подготовка к процедуре защиты и защита выпускной квалификационной работы,
,,Б3.02(Г),Подготовка к сдаче и сдача государственного экзамена,
ПК-2,,,Способен создавать и исследовать модели автоматизированных систем и подсистем безопасности автоматизированных систем,-
,ПК-2.1,,Имеет представление о моделях безопасности автоматизированных систем,-
,,Б1.В.01,Анализ систем обеспечения информационной безопасности объектов информатизации,
,,Б1.В.06,Искусственный интеллект при принятии решений,
,,Б1.В.ДВ.01.01,Математическое моделирование в задачах информационной безопасности,
,,Б1.В.ДВ.02.01,Модели безопасности компьютерных систем,
,,Б2.В.01(У),Учебно-лабораторный практикум,
,,Б2.В.02(П),Эксплуатационная практика,
,,Б2.В.03(П),Преддипломная практика,
,,Б3.01(Д),Подготовка к процедуре защиты и защита выпускной квалификационной работы,
,,Б3.02(Г),Подготовка к сдаче и сдача государственного экзамена,
,ПК-2.2,,Участвует в разработке подсистем безопасности автоматизированных систем,-
,,Б1.В.01,Анализ систем обеспечения информационной безопасности объектов информатизации,
,,Б1.В.06,Искусственный интеллект при принятии решений,
,,Б2.В.01(У),Учебно-лабораторный практикум,
,,Б2.В.02(П),Эксплуатационная практика,
,,Б2.В.03(П),Преддипломная практика,
,,Б3.01(Д),Подготовка к процедуре защиты и защита выпускной квалификационной работы,
,,Б3.02(Г),Подготовка к сдаче и сдача государственного экзамена,
ПК-3,,,"Способен осуществлять разработку проектов нормативных документов, регламентирующих работу по защите информации",-
,ПК-3.1,,"Участвует в разработке нормативных документов, определяющих порядок функционирования программного обеспечения с целью обеспечения защиты информации",-
,,Б1.В.02,Междисциплинарный курсовой проект,
,,Б1.В.04,Защита программ и данных,
,,Б1.В.07,Администрирование средств защиты информации в компьютерных системах и сетях,
,,Б2.В.02(П),Эксплуатационная практика,
,,Б2.В.03(П),Преддипломная практика,
,,Б3.01(Д),Подготовка к процедуре защиты и защита выпускной квалификационной работы,
,,Б3.02(Г),Подготовка к сдаче и сдача государственного экзамена,
,ПК-3.2,,Имеет представление об организационных мерах по защите информации,-
,,Б1.В.02,Междисциплинарный курсовой проект,
,,Б1.В.04,Защита программ и данных,
,,Б1.В.07,Администрирование средств защиты информации в компьютерных системах и сетях,
,,Б2.В.02(П),Эксплуатационная практика,
,,Б2.В.03(П),Преддипломная практика,
,,Б3.01(Д),Подготовка к процедуре защиты и защита выпускной квалификационной работы,
,,Б3.02(Г),Подготовка к сдаче и сдача государственного экзамена,
ПК-4,,,Способен выявлять основные угрозы безопасности информации в автоматизированных системах,-
,ПК-4.1,,Имеет представление об основных угрозах  безопасности информации в автоматизированных системах,-
,,Б1.В.01,Анализ систем обеспечения информационной безопасности объектов информатизации,
,,Б1.В.02,Междисциплинарный курсовой проект,
,,Б1.В.04,Защита программ и данных,
,,Б1.В.05,Документоведение и документооборот,
,,Б1.В.07,Администрирование средств защиты информации в компьютерных системах и сетях,
,,Б1.В.ДВ.02.01,Модели безопасности компьютерных систем,
,,Б1.В.ДВ.02.02,Основы вычислительного эксперимента,
,,Б2.В.02(П),Эксплуатационная практика,
,,Б2.В.03(П),Преддипломная практика,
,,Б3.01(Д),Подготовка к процедуре защиты и защита выпускной квалификационной работы,
,,Б3.02(Г),Подготовка к сдаче и сдача государственного экзамена,
,ПК-4.2,,Имеет представление о видах политик безопасности автоматизированных систем,-
,,Б1.В.01,Анализ систем обеспечения информационной безопасности объектов информатизации,
,,Б1.В.02,Междисциплинарный курсовой проект,
,,Б1.В.04,Защита программ и данных,
,,Б1.В.05,Документоведение и документооборот,
,,Б1.В.07,Администрирование средств защиты информации в компьютерных системах и сетях,
,,Б1.В.ДВ.02.02,Основы вычислительного эксперимента,
,,Б2.В.02(П),Эксплуатационная практика,
,,Б2.В.03(П),Преддипломная практика,
,,Б3.01(Д),Подготовка к процедуре защиты и защита выпускной квалификационной работы,
,,Б3.02(Г),Подготовка к сдаче и сдача государственного экзамена,
ПК-5,,,Способен формулировать предложения по совершенствованию системы управления информационной безопасностью в автоматизированных системах,-
,ПК-5.1,,Имеет представление о возможностях используемых и планируемых к использованию средств защиты информации,-
,,Б1.В.01,Анализ систем обеспечения информационной безопасности объектов информатизации,
,,Б1.В.02,Междисциплинарный курсовой проект,
,,Б1.В.04,Защита программ и данных,
,,Б2.В.02(П),Эксплуатационная практика,
,,Б2.В.03(П),Преддипломная практика,
,,Б3.01(Д),Подготовка к процедуре защиты и защита выпускной квалификационной работы,
,,Б3.02(Г),Подготовка к сдаче и сдача государственного экзамена,
,ПК-5.2,,Имеет представление о нормативных правовых актах в области защиты информации,-
,,Б1.В.02,Междисциплинарный курсовой проект,
,,Б1.В.04,Защита программ и данных,
,,Б2.В.02(П),Эксплуатационная практика,
,,Б2.В.03(П),Преддипломная практика,
,,Б3.01(Д),Подготовка к процедуре защиты и защита выпускной квалификационной работы,
,,Б3.02(Г),Подготовка к сдаче и сдача государственного экзамена,
,ПК-5.3,,Имеет представление о руководящих и методических документах уполномоченных федеральных органов исполнительной власти по защите информации,-
,,Б1.В.01,Анализ систем обеспечения информационной безопасности объектов информатизации,
,,Б1.В.02,Междисциплинарный курсовой проект,
,,Б1.В.04,Защита программ и данных,
,,Б2.В.02(П),Эксплуатационная практика,
,,Б2.В.03(П),Преддипломная практика,
,,Б3.01(Д),Подготовка к процедуре защиты и защита выпускной квалификационной работы,
,,Б3.02(Г),Подготовка к сдаче и сдача государственного экзамена,
,ПК-5.4,,Имеет представление о принципах построения средств криптографической защиты информации,-
,,Б1.В.04,Защита программ и данных,
,,Б2.В.02(П),Эксплуатационная практика,
,,Б2.В.03(П),Преддипломная практика,
,,Б3.01(Д),Подготовка к процедуре защиты и защита выпускной квалификационной работы,
,ПК-5.5,,Имеет представление об организационных мерах по защите информации,-
,,Б1.В.02,Междисциплинарный курсовой проект,
,,Б1.В.04,Защита программ и данных,
,,Б2.В.02(П),Эксплуатационная практика,
,,Б2.В.03(П),Преддипломная практика,
,,Б3.01(Д),Подготовка к процедуре защиты и защита выпускной квалификационной работы,
ПК-6,,,Способен разрабатывать эксплуатационную документацию на системы защиты информации автоматизированных систем,-
,ПК-6.1,,Участвует в разработке технических заданий на создание системы защиты информации,-
,,Б1.В.02,Междисциплинарный курсовой проект,
,,Б1.В.04,Защита программ и данных,
,,Б2.В.02(П),Эксплуатационная практика,
,,Б2.В.03(П),Преддипломная практика,
,,Б3.01(Д),Подготовка к процедуре защиты и защита выпускной квалификационной работы,
,,Б3.02(Г),Подготовка к сдаче и сдача государственного экзамена,
,ПК-6.2,,"Участвует в разработке нормативных документов, определяющих порядок функционирования программного обеспечения с целью обеспечения защиты информации",-
,,Б1.В.02,Междисциплинарный курсовой проект,
,,Б1.В.04,Защита программ и данных,
,,Б2.В.02(П),Эксплуатационная практика,
,,Б2.В.03(П),Преддипломная практика,
,,Б3.01(Д),Подготовка к процедуре защиты и защита выпускной квалификационной работы,
,,Б3.02(Г),Подготовка к сдаче и сдача государственного экзамена,
